사다리,방해물FOUP,거리대,GT거리_mm,frame,마스크IoU,오선택,화면잘림,coarse_R_deg,coarse_t_mm,refined_R_deg,refined_t_mm,RH1_R_deg,RH1_t_mm,RH1_ADD_mm,RH1_KPI,IoU_sf03,오선택_sf03
다중,2,0.30,291.3,frame_0000,0.9716,0,1,1.2293,3.5683,0.3408,0.809,1.2293,0.809,2.0928,1,0.9716,0
다중,2,0.30,274.2,frame_0001,0.0,1,1,16.379,1102.6881,18.9304,1102.3815,16.379,1102.3815,1103.056,0,0.8956,0
다중,2,0.30,279.8,frame_0002,0.0,1,1,47.2473,17.495,45.1163,0.8225,47.2473,0.8225,55.1921,0,0.8677,0
다중,2,0.30,312.5,frame_0003,0.9764,0,1,0.4445,2.0301,0.2393,0.436,0.4445,0.436,0.8089,1,0.9764,0
다중,2,0.30,285.3,frame_0004,0.7841,0,1,0.4073,7.6323,0.1688,0.9517,0.4073,0.9517,1.1619,1,0.7841,0
다중,2,0.30,292.0,frame_0005,0.8747,0,1,0.7671,2.675,0.3329,0.6328,0.7671,0.6328,1.3634,1,0.8747,0
다중,2,0.30,322.2,frame_0006,0.9893,0,0,0.6161,3.2964,0.6323,0.9362,0.6161,0.9362,1.436,1,0.9893,0
다중,2,0.30,292.3,frame_0007,0.8918,0,0,0.5125,2.5511,0.5072,0.5903,0.5125,0.5903,1.0378,1,0.8918,0
다중,2,0.30,277.9,frame_0008,0.6836,0,1,1.665,6.549,0.4249,0.8952,1.665,0.8952,2.6006,1,0.2091,1
다중,2,0.30,280.6,frame_0009,0.9805,0,1,0.7831,4.0849,0.536,0.5024,0.7831,0.5024,1.2068,1,0.9805,0
다중,2,0.30,325.6,frame_0010,0.9814,0,0,0.3392,2.3976,0.2205,0.3188,0.3392,0.3188,0.5613,1,0.9814,0
다중,2,0.30,291.2,frame_0011,0.8953,0,1,1.1607,3.3639,0.3871,0.5605,1.1607,0.5605,1.8058,1,0.8953,0
다중,2,0.30,290.2,frame_0012,0.8777,0,1,1.4602,2.0163,0.2402,0.9004,1.4602,0.9004,2.2795,1,0.8777,0
다중,2,0.30,287.0,frame_0013,0.0,1,1,143.22,726.0952,143.4398,728.5125,143.22,728.5125,736.3729,0,0.9793,0
다중,2,0.30,322.1,frame_0014,0.9423,0,1,1.031,2.5414,0.4951,0.5409,1.031,0.5409,1.651,1,0.9423,0
다중,2,0.30,299.0,frame_0015,0.8391,0,1,1.5418,4.4481,0.2645,0.9353,1.5418,0.9353,2.602,1,0.8391,0
다중,2,0.30,304.4,frame_0016,0.8646,0,0,1.447,1.6482,0.5792,0.7606,1.447,0.7606,2.2702,1,0.8646,0
다중,2,0.30,286.1,frame_0017,0.0,1,1,32.4052,722.5873,32.9219,725.8317,32.4052,725.8317,728.068,0,0.9231,0
다중,2,0.30,290.6,frame_0018,0.0001,1,1,0.9091,4.7581,0.3526,0.8111,0.9091,0.8111,1.6664,1,0.863,0
다중,2,0.30,295.9,frame_0019,0.0,1,1,68.3101,893.6114,65.3825,897.8598,68.3101,897.8598,899.3644,0,0.9025,0
다중,2,0.30,315.2,frame_0020,0.0001,1,1,0.7695,5.9614,0.2231,0.5454,0.7695,0.5454,1.343,1,0.851,0
다중,2,0.30,307.4,frame_0021,0.8395,0,1,0.4115,3.7519,0.2857,0.7674,0.4115,0.7674,1.0134,1,0.8395,0
다중,2,0.30,278.1,frame_0022,0.826,0,1,0.4582,4.3009,0.1534,0.6087,0.4582,0.6087,1.0191,1,0.826,0
다중,2,0.30,281.0,frame_0023,0.0,1,1,120.2038,281.0327,121.3657,240.1702,120.2038,240.1702,258.3613,0,0.8336,0
다중,2,0.30,307.2,frame_0024,0.0,1,1,3.0163,11.243,0.3455,0.4476,3.0163,0.4476,4.0116,0,0.9176,0
다중,2,0.30,306.8,frame_0025,0.0,1,1,65.6564,1079.1297,65.0735,1078.2016,65.6564,1078.2016,1079.3664,0,0.8303,0
다중,2,0.30,282.0,frame_0026,0.0,1,1,73.8094,336.9241,78.3577,347.9912,73.8094,347.9912,348.3547,0,0.9313,0
다중,2,0.30,293.8,frame_0027,0.8361,0,1,0.3684,1.6308,0.2454,0.7218,0.3684,0.7218,0.9144,1,0.8361,0
다중,2,0.30,271.3,frame_0028,0.7889,0,1,1.4532,3.8452,0.2075,0.4556,1.4532,0.4556,2.1794,1,0.7889,0
다중,2,0.30,273.1,frame_0029,0.8537,0,1,0.4339,2.0123,0.3787,0.8417,0.4339,0.8417,1.1647,1,0.8537,0
다중,2,0.30,276.9,frame_0030,0.7952,0,1,1.2979,4.3946,0.4754,0.5793,1.2979,0.5793,1.9841,1,0.7952,0
다중,2,0.30,273.1,frame_0031,0.8194,0,0,0.7787,4.8452,0.428,0.4326,0.7787,0.4326,1.3334,1,0.8194,0
다중,2,0.30,270.5,frame_0032,0.835,0,1,0.79,6.258,0.1047,0.8753,0.79,0.8753,1.5371,1,0.835,0
다중,2,0.30,322.5,frame_0033,0.9065,0,1,0.4022,2.6393,0.2496,0.4839,0.4022,0.4839,0.7737,1,0.9065,0
다중,2,0.30,278.6,frame_0034,0.0,1,1,175.5111,423.5083,160.4827,414.0138,175.5111,414.0138,439.6174,0,0.7573,0
다중,2,0.30,276.7,frame_0035,0.8566,0,1,0.8271,3.8777,0.1816,1.1603,0.8271,1.1603,1.9619,1,0.8566,0
다중,2,0.30,270.4,frame_0036,0.865,0,1,1.1359,6.9158,0.5367,0.7405,1.1359,0.7405,1.8908,1,0.865,0
다중,2,0.30,285.7,frame_0037,0.9842,0,1,0.1991,3.9078,0.5635,0.712,0.1991,0.712,0.7986,1,0.9842,0
다중,2,0.30,277.5,frame_0038,0.8857,0,1,0.2161,1.9069,0.3215,0.9632,0.2161,0.9632,1.0411,1,0.8857,0
다중,2,0.30,287.0,frame_0039,0.8325,0,0,0.9801,1.6061,0.1873,0.8351,0.9801,0.8351,1.7194,1,0.8325,0
다중,2,0.30,279.5,frame_0040,0.0,1,1,154.1034,840.3604,154.7593,841.4756,154.1034,841.4756,852.3088,0,0.888,0
다중,2,0.30,279.1,frame_0041,0.8248,0,1,0.8536,3.402,0.2561,0.6683,0.8536,0.6683,1.4334,1,0.8248,0
다중,2,0.30,287.2,frame_0042,0.9861,0,1,0.6998,2.774,0.5647,0.6033,0.6998,0.6033,1.2019,1,0.9861,0
다중,2,0.30,312.0,frame_0043,0.8526,0,1,0.6429,3.9615,0.1792,0.9258,0.6429,0.9258,1.5198,1,0.8526,0
다중,2,0.30,298.6,frame_0044,0.9899,0,0,0.3346,1.9344,0.6186,0.45,0.3346,0.45,0.6944,1,0.9899,0
다중,2,0.30,323.1,frame_0045,0.8313,0,0,0.3336,2.2154,0.2888,0.8236,0.3336,0.8236,1.0763,1,0.7982,0
다중,2,0.30,279.9,frame_0046,0.9883,0,1,0.3686,3.491,0.36,0.5616,0.3686,0.5616,0.7951,1,0.9883,0
다중,2,0.30,293.3,frame_0047,0.8785,0,1,0.4699,4.6495,0.4064,0.9246,0.4699,0.9246,1.2144,1,0.8785,0
다중,2,0.30,288.8,frame_0048,0.0,1,1,49.7151,150.3528,33.2275,131.709,49.7151,131.709,136.9751,0,0.665,0
다중,2,0.30,296.7,frame_0049,0.7762,0,1,0.376,1.5956,0.4005,0.971,0.376,0.971,1.1592,1,0.7762,0
다중,2,0.30,286.3,frame_0050,0.842,0,1,0.4486,2.0629,0.2783,0.7275,0.4486,0.7275,1.1285,1,0.842,0
다중,2,0.30,312.4,frame_0051,0.8768,0,1,1.4292,3.2939,0.3349,0.8129,1.4292,0.8129,2.3052,1,0.8768,0
다중,2,0.30,311.1,frame_0052,0.8312,0,0,1.0647,4.144,0.2619,0.6017,1.0647,0.6017,1.6218,1,0.8312,0
다중,2,0.30,311.4,frame_0053,0.9234,0,1,1.0382,2.7016,0.2462,0.5016,1.0382,0.5016,1.5855,1,0.9234,0
다중,2,0.30,270.5,frame_0054,0.0,1,1,16.0354,728.3561,16.0973,726.0243,16.0354,726.0243,726.1821,0,0.8113,0
다중,2,0.30,308.3,frame_0055,0.9901,0,1,0.6429,1.5978,0.4291,0.8176,0.6429,0.8176,1.3268,1,0.9901,0
다중,2,0.30,318.2,frame_0056,0.7682,0,0,1.0951,5.2465,0.4412,0.4883,1.0951,0.4883,1.6996,1,0.7682,0
다중,2,0.30,297.6,frame_0057,0.9843,0,1,0.5677,3.7225,0.3997,0.8093,0.5677,0.8093,1.1784,1,0.9843,0
다중,2,0.30,320.7,frame_0058,0.9126,0,1,0.8292,3.0437,0.4663,0.4927,0.8292,0.4927,1.2784,1,0.9126,0
다중,2,0.30,286.5,frame_0059,0.8035,0,1,0.5003,3.2745,0.1102,0.8584,0.5003,0.8584,1.2043,1,0.8035,0
다중,2,0.30,329.8,frame_0060,0.8538,0,1,0.5856,3.5959,0.2593,0.5601,0.5856,0.5601,1.1653,1,0.8538,0
다중,2,0.30,302.3,frame_0061,0.9555,0,1,0.2442,1.5987,0.1923,0.7715,0.2442,0.7715,0.9256,1,0.9555,0
다중,2,0.30,325.2,frame_0062,0.9482,0,0,0.3423,5.2245,0.4575,0.6323,0.3423,0.6323,0.7477,1,0.9482,0
다중,2,0.30,327.3,frame_0063,0.9808,0,0,0.4404,3.8821,0.4683,0.3531,0.4404,0.3531,0.7264,1,0.9808,0
다중,2,0.30,308.8,frame_0064,0.877,0,1,0.5336,3.0354,0.6647,0.4816,0.5336,0.4816,0.9844,1,0.877,0
다중,2,0.30,276.3,frame_0065,0.9913,0,1,0.3772,1.6734,0.4005,0.7862,0.3772,0.7862,0.9871,1,0.9913,0
다중,2,0.30,284.6,frame_0066,0.8973,0,1,0.2259,2.0044,0.1578,0.7159,0.2259,0.7159,0.7957,1,0.8973,0
다중,2,0.30,304.6,frame_0067,0.8455,0,1,0.7405,2.6897,0.4236,0.4556,0.7405,0.4556,1.2091,1,0.8455,0
다중,2,0.30,321.6,frame_0068,0.8751,0,1,0.2162,3.1478,0.6312,0.6452,0.2162,0.6452,0.7051,1,0.8751,0
다중,2,0.30,283.2,frame_0069,0.8765,0,1,1.0442,3.2243,0.4425,0.9049,1.0442,0.9049,1.8605,1,0.8765,0
다중,2,0.30,303.0,frame_0070,0.8442,0,1,1.2491,4.3878,0.4163,0.5157,1.2491,0.5157,1.8988,1,0.8442,0
다중,2,0.30,308.3,frame_0071,0.853,0,1,0.3395,3.1064,0.318,0.9608,0.3395,0.9608,1.0638,1,0.853,0
다중,2,0.30,291.5,frame_0072,0.9774,0,1,0.4326,3.6475,0.3792,0.5837,0.4326,0.5837,0.8654,1,0.9774,0
다중,2,0.30,275.0,frame_0073,0.0,1,1,146.4769,310.7553,151.8913,294.2947,146.4769,294.2947,303.6707,0,0.783,0
다중,2,0.30,298.4,frame_0074,0.8481,0,1,0.7692,1.3862,0.2176,0.9221,0.7692,0.9221,1.347,1,0.8481,0
다중,2,0.30,274.2,frame_0075,0.8836,0,1,0.8556,1.9002,0.3062,0.669,0.8556,0.669,1.3518,1,0.8836,0
다중,2,0.30,319.9,frame_0076,0.0,1,1,55.2847,910.905,55.7614,918.3199,55.2847,918.3199,921.7343,0,0.902,0
다중,2,0.30,271.6,frame_0077,0.0,1,1,100.3663,674.6773,98.4614,677.5995,100.3663,677.5995,686.8943,0,0.8581,0
다중,2,0.30,275.0,frame_0078,0.8097,0,1,0.9144,3.562,0.5424,0.6685,0.9144,0.6685,1.5195,1,0.8097,0
다중,2,0.30,284.5,frame_0079,0.9548,0,1,0.2068,1.9545,0.1085,0.7989,0.2068,0.7989,0.891,1,0.9548,0
다중,2,0.40,391.3,frame_0000,0.8738,0,0,0.3976,2.6342,0.3446,1.1116,0.3976,1.1116,1.3847,1,0.8738,0
다중,2,0.40,374.2,frame_0001,0.8838,0,1,0.6583,2.0126,0.4957,0.4833,0.6583,0.4833,1.0631,1,0.8838,0
다중,2,0.40,379.8,frame_0002,0.0,1,1,2.13,9.265,0.572,0.7789,2.13,0.7789,3.4215,1,0.8785,0
다중,2,0.40,412.5,frame_0003,0.9725,0,0,0.2844,1.4333,0.4168,0.8531,0.2844,0.8531,1.1153,1,0.9725,0
다중,2,0.40,385.3,frame_0004,0.796,0,0,0.3455,0.8776,0.2157,0.6791,0.3455,0.6791,0.859,1,0.796,0
다중,2,0.40,392.0,frame_0005,0.8972,0,0,0.1372,2.7603,0.5419,0.6149,0.1372,0.6149,0.6246,1,0.8972,0
다중,2,0.40,422.2,frame_0006,0.9891,0,0,0.7474,2.6224,0.3155,0.4847,0.7474,0.4847,1.2713,1,0.9891,0
다중,2,0.40,392.3,frame_0007,0.904,0,0,0.6654,1.9164,0.8189,0.5377,0.6654,0.5377,1.2715,1,0.904,0
다중,2,0.40,377.9,frame_0008,0.7128,0,0,0.5149,2.167,0.6718,0.7236,0.5149,0.7236,1.1482,1,0.7128,0
다중,2,0.40,380.6,frame_0009,0.9895,0,0,0.6901,4.4667,0.423,0.4767,0.6901,0.4767,1.1216,1,0.9895,0
다중,2,0.40,425.6,frame_0010,0.8788,0,0,0.465,3.1889,0.4623,0.7204,0.465,0.7204,0.9631,1,0.8788,0
다중,2,0.40,391.2,frame_0011,0.8584,0,1,0.7612,2.6982,0.2019,0.8599,0.7612,0.8599,1.618,1,0.8584,0
다중,2,0.40,390.2,frame_0012,0.8696,0,1,0.8784,3.1822,0.1752,1.3822,0.8784,1.3822,1.9139,1,0.8696,0
다중,2,0.40,387.0,frame_0013,0.0,1,0,143.2984,726.8727,143.6583,727.559,143.2984,727.559,735.6786,0,0.9682,0
다중,2,0.40,422.1,frame_0014,0.8705,0,0,0.49,1.2206,0.3833,0.7374,0.49,0.7374,1.1256,1,0.8705,0
다중,2,0.40,399.0,frame_0015,0.8435,0,1,0.707,2.0424,0.4931,0.8134,0.707,0.8134,1.4208,1,0.8435,0
다중,2,0.40,404.4,frame_0016,0.8713,0,0,0.6723,4.8692,0.1754,1.1679,0.6723,1.1679,1.5372,1,0.8713,0
다중,2,0.40,386.1,frame_0017,0.8556,0,0,0.3425,1.9748,0.561,1.5206,0.3425,1.5206,1.6578,1,0.8556,0
다중,2,0.40,390.6,frame_0018,0.0,1,0,179.7681,924.9236,176.9794,908.7093,179.7681,908.7093,911.7551,0,0.8783,0
다중,2,0.40,395.9,frame_0019,0.9498,0,1,0.6789,2.5099,0.3651,0.4814,0.6789,0.4814,1.0582,1,0.9498,0
다중,2,0.40,415.2,frame_0020,0.0,1,0,99.5741,808.6051,99.6747,807.8912,99.5741,807.8912,812.134,0,0.8544,0
다중,2,0.40,407.4,frame_0021,0.9865,0,0,0.3852,0.6653,0.3946,1.1943,0.3852,1.1943,1.5132,1,0.9865,0
다중,2,0.40,378.1,frame_0022,0.8473,0,0,0.7485,2.0426,0.3043,0.9508,0.7485,0.9508,1.5864,1,0.8473,0
다중,2,0.40,381.0,frame_0023,0.84,0,0,0.5782,1.5644,0.8185,0.6318,0.5782,0.6318,1.1098,1,0.84,0
다중,2,0.40,407.2,frame_0024,0.0,1,0,52.0098,1117.7216,50.1114,1115.5528,52.0098,1115.5528,1117.7154,0,0.888,0
다중,2,0.40,406.8,frame_0025,0.0,1,0,65.5062,1079.3858,64.8932,1077.3401,65.5062,1077.3401,1078.3426,0,0.8263,0
다중,2,0.40,382.0,frame_0026,0.8683,0,0,0.5407,2.5311,0.6972,0.9366,0.5407,0.9366,1.1765,1,0.8683,0
다중,2,0.40,393.8,frame_0027,0.8448,0,0,0.4397,2.1667,0.2601,1.0261,0.4397,1.0261,1.2797,1,0.8448,0
다중,2,0.40,371.3,frame_0028,0.832,0,0,0.5286,2.9597,0.2367,0.6406,0.5286,0.6406,1.0953,1,0.832,0
다중,2,0.40,373.1,frame_0029,0.9064,0,0,0.9934,3.303,0.6549,0.6041,0.9934,0.6041,1.6936,1,0.9064,0
다중,2,0.40,376.9,frame_0030,0.8374,0,0,0.5614,1.805,0.5307,0.603,0.5614,0.603,1.0857,1,0.8374,0
다중,2,0.40,373.1,frame_0031,0.8228,0,0,0.2166,2.6205,0.2822,0.6788,0.2166,0.6788,0.7179,1,0.8228,0
다중,2,0.40,370.5,frame_0032,0.8398,0,0,0.631,3.0702,0.3666,0.5361,0.631,0.5361,1.1259,1,0.8398,0
다중,2,0.40,422.5,frame_0033,0.9843,0,0,0.5641,2.3678,0.4533,0.4829,0.5641,0.4829,1.1004,1,0.9843,0
다중,2,0.40,378.6,frame_0034,0.0,1,1,140.2465,452.7643,139.4329,429.3324,140.2465,429.3324,434.8695,0,0.4745,1
다중,2,0.40,376.7,frame_0035,0.9066,0,1,0.5209,2.1306,0.2765,0.6598,0.5209,0.6598,1.2013,1,0.9066,0
다중,2,0.40,370.4,frame_0036,0.8925,0,0,0.6645,2.6817,0.3407,0.7767,0.6645,0.7767,1.3983,1,0.8925,0
다중,2,0.40,385.7,frame_0037,0.9889,0,0,0.379,3.6718,0.8665,0.5285,0.379,0.5285,0.7624,1,0.9889,0
다중,2,0.40,377.5,frame_0038,0.8323,0,0,0.5627,0.6287,0.3134,0.6658,0.5627,0.6658,0.9725,1,0.8323,0
다중,2,0.40,387.0,frame_0039,0.8383,0,0,0.6768,3.7904,0.4036,0.8662,0.6768,0.8662,1.304,1,0.8383,0
다중,2,0.40,379.5,frame_0040,0.8933,0,1,0.3745,1.8445,0.5227,1.0505,0.3745,1.0505,1.0941,1,0.8933,0
다중,2,0.40,379.1,frame_0041,0.8222,0,0,0.3895,2.0685,0.3626,0.8955,0.3895,0.8955,1.1109,1,0.8222,0
다중,2,0.40,387.2,frame_0042,0.9834,0,0,0.6228,1.9711,0.4202,0.4075,0.6228,0.4075,1.0549,1,0.9834,0
다중,2,0.40,412.0,frame_0043,0.8748,0,1,0.3529,1.062,0.3283,1.4572,0.3529,1.4572,1.5393,1,0.8748,0
다중,2,0.40,398.6,frame_0044,0.9884,0,0,0.8524,4.0199,0.6394,0.7201,0.8524,0.7201,1.494,1,0.9884,0
다중,2,0.40,423.1,frame_0045,0.8401,0,0,1.1812,3.1329,0.203,0.9979,1.1812,0.9979,2.1209,1,0.794,0
다중,2,0.40,379.9,frame_0046,0.987,0,0,0.2781,4.0908,0.4059,0.7281,0.2781,0.7281,0.9391,1,0.987,0
다중,2,0.40,393.3,frame_0047,0.8812,0,0,0.7255,1.4185,0.468,0.7817,0.7255,0.7817,1.3374,1,0.8812,0
다중,2,0.40,388.8,frame_0048,0.8592,0,0,0.5461,2.8741,0.2797,0.9951,0.5461,0.9951,1.2864,1,0.757,0
다중,2,0.40,396.7,frame_0049,0.8122,0,0,0.6207,3.7849,0.2567,0.6764,0.6207,0.6764,1.2647,1,0.8122,0
다중,2,0.40,386.3,frame_0050,0.8579,0,0,0.6951,2.3808,0.4907,0.6898,0.6951,0.6898,1.454,1,0.8579,0
다중,2,0.40,406.9,frame_0051,0.8809,0,0,0.4397,3.1757,0.3256,0.4318,0.4397,0.4318,0.7489,1,0.8809,0
다중,2,0.40,411.1,frame_0052,0.8235,0,0,0.845,4.0302,0.2118,0.4377,0.845,0.4377,1.2685,1,0.8235,0
다중,2,0.40,411.4,frame_0053,0.9881,0,0,0.27,0.9467,0.5621,1.073,0.27,1.073,1.2342,1,0.9881,0
다중,2,0.40,370.5,frame_0054,0.0,1,0,15.5262,727.8748,15.1845,725.9283,15.5262,725.9283,726.7523,0,0.8034,0
다중,2,0.40,408.3,frame_0055,0.9891,0,0,0.6939,2.3409,0.3507,0.7449,0.6939,0.7449,1.2075,1,0.9891,0
다중,2,0.40,418.2,frame_0056,0.775,0,0,0.6503,3.6487,0.4944,0.5881,0.6503,0.5881,1.1302,1,0.775,0
다중,2,0.40,397.6,frame_0057,0.955,0,0,0.2451,2.3254,0.3958,0.358,0.2451,0.358,0.5786,1,0.955,0
다중,2,0.40,420.7,frame_0058,0.8539,0,0,0.1883,2.7884,0.2858,0.8381,0.1883,0.8381,0.8994,1,0.8539,0
다중,2,0.40,386.5,frame_0059,0.0,1,0,155.4706,739.6538,156.0771,721.7837,155.4706,721.7837,730.6444,0,0.8059,0
다중,2,0.40,429.8,frame_0060,0.854,0,0,0.1763,3.1065,0.4279,0.5627,0.1763,0.5627,0.5928,1,0.854,0
다중,2,0.40,402.3,frame_0061,0.8816,0,0,0.3509,1.2133,0.3296,0.5335,0.3509,0.5335,0.8342,1,0.8816,0
다중,2,0.40,425.2,frame_0062,0.8385,0,0,0.2678,3.3765,0.2744,0.6619,0.2678,0.6619,0.7424,1,0.8385,0
다중,2,0.40,427.3,frame_0063,0.9874,0,0,0.4799,3.3716,0.242,0.6796,0.4799,0.6796,0.9731,1,0.9874,0
다중,2,0.40,408.8,frame_0064,0.8853,0,0,1.5211,0.7596,0.2888,1.0513,1.5211,1.0513,2.3889,1,0.8853,0
다중,2,0.40,376.3,frame_0065,0.9909,0,0,0.2838,2.5963,0.3627,0.592,0.2838,0.592,0.7225,1,0.9909,0
다중,2,0.40,384.6,frame_0066,0.9028,0,0,0.6615,2.0959,0.3863,0.7736,0.6615,0.7736,1.2706,1,0.9028,0
다중,2,0.40,404.6,frame_0067,0.8568,0,0,0.4714,1.5499,0.5106,1.0495,0.4714,1.0495,1.3173,1,0.8568,0
다중,2,0.40,421.6,frame_0068,0.8538,0,0,0.5214,2.1239,0.4661,0.6594,0.5214,0.6594,1.0432,1,0.8538,0
다중,2,0.40,383.2,frame_0069,0.8932,0,0,0.8137,2.0487,0.5363,1.3757,0.8137,1.3757,1.7983,1,0.8932,0
다중,2,0.40,403.0,frame_0070,0.9252,0,0,0.8552,1.0625,0.5287,1.2909,0.8552,1.2909,2.0548,1,0.9252,0
다중,2,0.40,408.3,frame_0071,0.8686,0,0,0.7606,3.6018,0.4019,0.8581,0.7606,0.8581,1.4042,1,0.8686,0
다중,2,0.40,391.5,frame_0072,0.0001,1,0,0.4383,3.2728,0.6596,0.9015,0.4383,0.9015,1.1224,1,0.8467,0
다중,2,0.40,383.5,frame_0073,0.9902,0,0,0.3249,3.706,0.4085,0.5545,0.3249,0.5545,0.7428,1,0.9902,0
다중,2,0.40,406.6,frame_0074,0.815,0,0,0.4776,0.8152,0.4696,0.6693,0.4776,0.6693,0.9825,1,0.815,0
다중,2,0.40,406.1,frame_0075,0.9682,0,0,0.3795,2.7794,0.613,2.2593,0.3795,2.2593,2.2965,1,0.9682,0
다중,2,0.40,416.2,frame_0076,0.7923,0,0,0.41,0.4597,0.8408,1.3359,0.41,1.3359,1.5611,1,0.7923,0
다중,2,0.40,423.5,frame_0077,0.9186,0,0,0.7207,1.1915,0.454,1.1221,0.7207,1.1221,1.439,1,0.9186,0
다중,2,0.40,397.7,frame_0078,0.0,1,0,154.0807,175.4585,143.4557,164.1489,154.0807,164.1489,267.7572,0,0.8328,0
다중,2,0.40,418.4,frame_0079,0.9898,0,0,0.3077,1.5945,0.3614,0.7597,0.3077,0.7597,0.8588,1,0.9898,0
다중,2,0.45,441.3,frame_0000,0.8386,0,0,0.2058,2.9178,0.3782,1.1174,0.2058,1.1174,1.2818,1,0.8386,0
다중,2,0.45,424.2,frame_0001,0.8907,0,1,0.5546,0.8838,0.3524,1.2004,0.5546,1.2004,1.4119,1,0.8907,0
다중,2,0.45,429.8,frame_0002,0.0,1,0,158.3762,888.5022,158.4653,889.095,158.3762,889.095,896.0847,0,0.8911,0
다중,2,0.45,462.5,frame_0003,0.8695,0,0,0.9458,1.8173,0.735,1.1677,0.9458,1.1677,2.0355,1,0.8695,0
다중,2,0.45,435.3,frame_0004,0.0,1,0,0.4124,3.6214,0.3897,0.5126,0.4124,0.5126,0.7931,1,0.8001,0
다중,2,0.45,442.0,frame_0005,0.851,0,0,0.1581,2.3155,0.4601,0.9463,0.1581,0.9463,0.9485,1,0.851,0
다중,2,0.45,472.2,frame_0006,0.9884,0,0,0.3513,3.1806,0.3485,1.0277,0.3513,1.0277,1.1881,1,0.9884,0
다중,2,0.45,442.3,frame_0007,0.8769,0,0,0.5,3.3325,0.4905,0.4257,0.5,0.4257,0.8215,1,0.8769,0
다중,2,0.45,427.9,frame_0008,0.0,1,0,149.8489,873.8821,164.38,904.0725,149.8489,904.0725,906.9009,0,0.724,0
다중,2,0.45,430.6,frame_0009,0.988,0,0,1.1972,4.3919,0.5179,1.0453,1.1972,1.0453,2.2416,1,0.988,0
다중,2,0.45,475.6,frame_0010,0.9027,0,0,0.5806,2.5918,0.0884,0.8053,0.5806,0.8053,1.0838,1,0.9027,0
다중,2,0.45,441.2,frame_0011,0.8577,0,0,0.318,0.8763,0.5107,1.443,0.318,1.443,1.6623,1,0.8577,0
다중,2,0.45,440.2,frame_0012,0.9415,0,0,0.8569,2.4822,0.3612,1.477,0.8569,1.477,1.8359,1,0.9415,0
다중,2,0.45,437.0,frame_0013,0.0,1,0,143.4446,727.8345,143.3967,726.6861,143.4446,726.6861,735.191,0,0.9306,0
다중,2,0.45,472.1,frame_0014,0.9098,0,0,0.8565,1.7978,0.3228,0.9744,0.8565,0.9744,1.488,1,0.9098,0
다중,2,0.45,449.0,frame_0015,0.8443,0,0,0.447,1.264,0.3775,2.2204,0.447,2.2204,2.3004,1,0.8443,0
다중,2,0.45,454.4,frame_0016,0.8809,0,0,0.5117,2.1088,0.6018,1.3461,0.5117,1.3461,1.6122,1,0.8809,0
다중,2,0.45,436.1,frame_0017,0.8591,0,0,0.2064,2.4035,0.5583,1.524,0.2064,1.524,1.4413,1,0.8591,0
다중,2,0.45,440.6,frame_0018,0.0,1,0,125.9138,855.5294,128.2953,855.546,125.9138,855.546,862.6841,0,0.94,0
다중,2,0.45,445.9,frame_0019,0.9377,0,0,0.4599,2.5137,0.2821,0.7132,0.4599,0.7132,0.9761,1,0.9377,0
다중,2,0.45,465.2,frame_0020,0.0,1,0,99.5012,807.5813,99.9778,805.8348,99.5012,805.8348,810.33,0,0.8902,0
다중,2,0.45,457.4,frame_0021,0.0,1,0,90.3575,11.8294,89.9083,1.35,90.3575,1.35,105.1872,0,0.9883,0
다중,2,0.45,428.1,frame_0022,0.8415,0,0,0.5316,2.1161,0.529,0.9168,0.5316,0.9168,1.2261,1,0.8415,0
다중,2,0.45,431.0,frame_0023,0.8413,0,0,0.4354,1.0085,1.0351,1.367,0.4354,1.367,1.5948,1,0.8413,0
다중,2,0.45,457.2,frame_0024,0.874,0,0,0.3355,2.9261,0.491,1.9876,0.3355,1.9876,1.9268,1,0.874,0
다중,2,0.45,456.8,frame_0025,0.0,1,0,65.7415,1079.6255,65.402,1079.8574,65.7415,1079.8574,1081.4751,0,0.8281,0
다중,2,0.45,432.0,frame_0026,0.8812,0,0,0.5033,1.8151,0.8131,1.248,0.5033,1.248,1.3983,1,0.8812,0
다중,2,0.45,443.8,frame_0027,0.8496,0,0,0.5053,1.993,0.2391,1.2504,0.5053,1.2504,1.7358,1,0.8496,0
다중,2,0.45,421.3,frame_0028,0.8325,0,0,0.817,2.9158,0.3871,1.0328,0.817,1.0328,1.6427,1,0.8325,0
다중,2,0.45,423.1,frame_0029,0.9852,0,0,0.4132,3.9987,0.5406,0.8544,0.4132,0.8544,1.0202,1,0.9852,0
다중,2,0.45,426.9,frame_0030,0.0,1,0,166.7992,424.2305,168.2054,459.8695,166.7992,459.8695,482.1294,0,0.8328,0
다중,2,0.45,423.1,frame_0031,0.0,1,0,174.5185,1022.8097,179.4019,1005.0337,174.5185,1005.0337,948.7223,0,0.8387,0
다중,2,0.45,420.5,frame_0032,0.8396,0,0,0.5245,2.6138,0.2451,0.7662,0.5245,0.7662,1.1999,1,0.8396,0
다중,2,0.45,472.5,frame_0033,0.9884,0,0,0.3885,1.6775,0.3911,0.6864,0.3885,0.6864,0.9134,1,0.9884,0
다중,2,0.45,428.6,frame_0034,0.0,1,0,153.4493,392.3146,155.0461,354.3821,153.4493,354.3821,377.8524,0,0.8797,0
다중,2,0.45,426.7,frame_0035,0.8749,0,0,0.4024,2.7478,0.4417,1.035,0.4024,1.035,1.1499,1,0.8749,0
다중,2,0.45,420.4,frame_0036,0.9091,0,0,0.9152,4.5106,0.4063,0.9547,0.9152,0.9547,1.8254,1,0.9091,0
다중,2,0.45,435.7,frame_0037,0.9888,0,0,0.3298,2.9618,0.4467,0.5819,0.3298,0.5819,0.7155,1,0.9888,0
다중,2,0.45,427.5,frame_0038,0.8285,0,0,0.2815,2.5531,0.2058,0.8938,0.2815,0.8938,1.1547,1,0.8285,0
다중,2,0.45,437.0,frame_0039,0.8444,0,0,0.8282,2.7602,0.391,1.0996,0.8282,1.0996,1.8064,1,0.8444,0
다중,2,0.45,429.5,frame_0040,0.9157,0,1,0.6511,1.8872,0.6343,1.0164,0.6511,1.0164,1.455,1,0.9157,0
다중,2,0.45,429.1,frame_0041,0.8214,0,0,0.6224,1.3222,0.2768,1.0559,0.6224,1.0559,1.6322,1,0.8214,0
다중,2,0.45,437.2,frame_0042,0.9729,0,0,0.6074,3.4736,0.4653,0.5233,0.6074,0.5233,1.0942,1,0.9729,0
다중,2,0.45,462.0,frame_0043,0.8728,0,0,0.7534,2.2337,0.3395,1.5574,0.7534,1.5574,1.8797,1,0.8728,0
다중,2,0.45,448.6,frame_0044,0.9883,0,0,0.5785,2.5392,0.4374,0.7487,0.5785,0.7487,1.2487,1,0.9883,0
다중,2,0.45,473.1,frame_0045,0.793,0,0,0.9443,2.3659,0.2139,1.5521,0.9443,1.5521,2.1397,1,0.793,0
다중,2,0.45,429.9,frame_0046,0.9549,0,0,0.9065,4.3859,0.3638,0.8312,0.9065,0.8312,1.6726,1,0.9549,0
다중,2,0.45,443.3,frame_0047,0.8622,0,0,0.7611,0.84,0.2387,0.6344,0.7611,0.6344,1.261,1,0.8622,0
다중,2,0.45,438.8,frame_0048,0.8627,0,0,0.722,1.2403,0.462,1.4614,0.722,1.4614,1.8533,1,0.7539,0
다중,2,0.45,446.7,frame_0049,0.8078,0,0,0.2971,3.9355,0.636,0.3966,0.2971,0.3966,0.5838,1,0.8078,0
다중,2,0.45,436.3,frame_0050,0.8485,0,0,0.4542,2.844,0.2442,0.7667,0.4542,0.7667,1.2236,1,0.8485,0
다중,2,0.45,456.9,frame_0051,0.8569,0,0,0.3069,2.7782,0.1878,0.5676,0.3069,0.5676,0.7859,1,0.8569,0
다중,2,0.45,461.1,frame_0052,0.8225,0,0,1.1644,2.4988,0.329,0.908,1.1644,0.908,2.151,1,0.8225,0
다중,2,0.45,461.4,frame_0053,0.9877,0,0,0.1452,2.1611,0.3814,1.6725,0.1452,1.6725,1.748,1,0.9877,0
다중,2,0.45,420.5,frame_0054,0.0,1,0,15.2289,726.2194,15.3911,726.0328,15.2289,726.0328,727.1084,0,0.8023,0
다중,2,0.45,458.3,frame_0055,0.9895,0,0,0.5944,1.3059,0.4995,1.17,0.5944,1.17,1.6986,1,0.9895,0
다중,2,0.45,468.2,frame_0056,0.7816,0,0,0.4267,3.3429,0.6018,0.8163,0.4267,0.8163,0.9978,1,0.7816,0
다중,2,0.45,447.6,frame_0057,0.8563,0,0,0.1832,1.973,0.3255,0.5219,0.1832,0.5219,0.6791,1,0.8563,0
다중,2,0.45,470.7,frame_0058,0.8572,0,0,0.2407,2.9819,0.3844,1.6181,0.2407,1.6181,1.5996,1,0.8572,0
다중,2,0.45,436.5,frame_0059,0.0,1,0,138.505,928.4609,147.6877,919.8188,138.505,919.8188,926.0935,0,0.8041,0
다중,2,0.45,479.8,frame_0060,0.8562,0,0,0.2803,2.6204,0.6868,0.7467,0.2803,0.7467,0.8353,1,0.8562,0
다중,2,0.45,452.3,frame_0061,0.8899,0,0,0.2219,1.591,0.3624,0.6546,0.2219,0.6546,0.8117,1,0.8899,0
다중,2,0.45,475.2,frame_0062,0.0,1,0,4.5553,10.0628,0.4868,0.8132,4.5553,0.8132,6.5715,0,0.8345,0
다중,2,0.45,477.3,frame_0063,0.9791,0,0,0.4737,2.9922,0.225,1.1748,0.4737,1.1748,1.3861,1,0.9791,0
다중,2,0.45,458.8,frame_0064,0.9433,0,0,0.5626,2.7626,0.6453,0.5969,0.5626,0.5969,1.0749,1,0.9433,0
다중,2,0.45,426.3,frame_0065,0.9758,0,0,0.3313,2.5924,0.424,0.5437,0.3313,0.5437,0.748,1,0.9758,0
다중,2,0.45,434.6,frame_0066,0.8777,0,0,0.3008,2.0603,0.5502,0.3488,0.3008,0.3488,0.5762,1,0.8777,0
다중,2,0.45,454.6,frame_0067,0.8634,0,0,0.3772,1.0617,0.3739,1.4499,0.3772,1.4499,1.6416,1,0.8634,0
다중,2,0.45,471.6,frame_0068,0.8473,0,0,0.3571,2.591,0.5561,1.0779,0.3571,1.0779,1.4069,1,0.8473,0
다중,2,0.45,433.2,frame_0069,0.8953,0,0,0.7391,1.6019,0.472,1.4806,0.7391,1.4806,1.8277,1,0.8953,0
다중,2,0.45,453.0,frame_0070,0.8685,0,0,0.8247,2.8587,0.4791,1.476,0.8247,1.476,1.8869,1,0.8685,0
다중,2,0.45,458.3,frame_0071,0.8743,0,0,0.3278,3.4003,0.4428,1.2115,0.3278,1.2115,1.4413,1,0.8743,0
다중,2,0.45,441.5,frame_0072,0.0001,1,0,0.6027,5.0423,0.5485,1.455,0.6027,1.455,1.9752,1,0.8429,0
다중,2,0.45,433.5,frame_0073,0.9898,0,0,0.3742,3.1508,0.2335,0.4011,0.3742,0.4011,0.6818,1,0.9898,0
다중,2,0.45,456.6,frame_0074,0.8228,0,0,0.3092,1.2424,0.2557,0.7095,0.3092,0.7095,0.8731,1,0.8228,0
다중,2,0.45,456.1,frame_0075,0.9688,0,0,0.452,1.5941,0.6327,2.3495,0.452,2.3495,2.574,1,0.9688,0
다중,2,0.45,466.2,frame_0076,0.7997,0,0,0.6598,2.8471,1.1066,0.8722,0.6598,0.8722,1.3093,1,0.0,1
다중,2,0.45,473.5,frame_0077,0.9626,0,0,0.2486,1.7587,0.3188,1.3191,0.2486,1.3191,1.369,1,0.9626,0
다중,2,0.45,447.7,frame_0078,0.0,1,0,151.5981,171.4292,143.6085,168.0762,151.5981,168.0762,270.8282,0,0.8213,0
다중,2,0.45,468.4,frame_0079,0.9896,0,0,0.2759,0.8762,0.3571,0.7675,0.2759,0.7675,0.8257,1,0.9896,0
다중,2,0.50,491.3,frame_0000,0.8413,0,0,0.4315,2.6067,0.3156,1.2891,0.4315,1.2891,1.6775,1,0.8413,0
다중,2,0.50,474.2,frame_0001,0.9021,0,0,0.6969,2.1154,0.3436,0.9514,0.6969,0.9514,1.4843,1,0.9021,0
다중,2,0.50,479.8,frame_0002,0.8849,0,0,0.4075,3.9427,0.4792,1.6274,0.4075,1.6274,1.7134,1,0.8849,0
다중,2,0.50,512.5,frame_0003,0.8773,0,0,0.2903,1.5566,0.3349,1.1537,0.2903,1.1537,1.3389,1,0.8773,0
다중,2,0.50,485.3,frame_0004,0.0,1,0,150.9137,1053.7545,148.3003,1042.6887,150.9137,1042.6887,1051.4736,0,0.8411,0
다중,2,0.50,492.0,frame_0005,0.8871,0,0,0.1627,2.721,0.5827,0.8652,0.1627,0.8652,0.8684,1,0.8871,0
다중,2,0.50,522.2,frame_0006,0.9876,0,0,0.4409,2.1774,0.4325,1.5673,0.4409,1.5673,1.7185,1,0.9876,0
다중,2,0.50,492.3,frame_0007,0.834,0,0,0.4411,2.4525,0.4145,0.8921,0.4411,0.8921,1.0704,1,0.834,0
다중,2,0.50,477.9,frame_0008,0.0,1,0,66.7047,1053.8876,67.2435,1037.3031,66.7047,1037.3031,1026.3094,0,0.6893,0
다중,2,0.50,480.6,frame_0009,0.9898,0,0,0.4514,4.0294,0.1834,1.2701,0.4514,1.2701,1.555,1,0.9898,0
다중,2,0.50,525.6,frame_0010,0.9248,0,0,0.8226,2.4074,0.163,1.1092,0.8226,1.1092,1.78,1,0.9248,0
다중,2,0.50,491.2,frame_0011,0.882,0,0,0.3104,0.8514,0.5122,2.3311,0.3104,2.3311,2.447,1,0.882,0
다중,2,0.50,490.2,frame_0012,0.972,0,0,0.5566,2.1366,0.2529,1.3671,0.5566,1.3671,1.5164,1,0.972,0
다중,2,0.50,487.0,frame_0013,0.8902,0,0,0.4981,2.7323,0.3841,1.7415,0.4981,1.7415,1.8807,1,0.8902,0
다중,2,0.50,522.1,frame_0014,0.9274,0,0,0.6291,0.9198,0.3581,1.2934,0.6291,1.2934,1.708,1,0.9274,0
다중,2,0.50,499.0,frame_0015,0.8456,0,0,0.7697,1.4976,0.4002,1.8705,0.7697,1.8705,2.2734,1,0.8456,0
다중,2,0.50,504.4,frame_0016,0.8767,0,0,0.5706,2.1972,0.3516,1.2605,0.5706,1.2605,1.5818,1,0.8767,0
다중,2,0.50,486.1,frame_0017,0.8748,0,0,0.3101,2.7663,0.275,1.7857,0.3101,1.7857,1.7525,1,0.8748,0
다중,2,0.50,490.6,frame_0018,0.0,1,0,125.8739,853.5335,126.4883,855.9187,125.8739,855.9187,863.0745,0,0.9593,0
다중,2,0.50,495.9,frame_0019,0.9774,0,0,0.5434,2.8599,0.3867,0.95,0.5434,0.95,1.2351,1,0.9774,0
다중,2,0.50,515.2,frame_0020,0.8539,0,0,0.5722,2.9915,0.8282,2.1717,0.5722,2.1717,2.3895,1,0.8539,0
다중,2,0.50,507.4,frame_0021,0.9796,0,0,0.408,1.0843,0.3354,1.9152,0.408,1.9152,2.2788,1,0.9796,0
다중,2,0.50,478.1,frame_0022,0.8438,0,0,0.5411,2.7309,0.5088,1.4355,0.5411,1.4355,1.7088,1,0.8438,0
다중,2,0.50,481.0,frame_0023,0.8424,0,0,0.1034,1.748,0.9752,1.4042,0.1034,1.4042,1.3395,1,0.8424,0
다중,2,0.50,507.2,frame_0024,0.8711,0,0,0.6171,3.0091,0.5839,2.218,0.6171,2.218,2.2726,1,0.8711,0
다중,2,0.50,506.8,frame_0025,0.8279,0,0,0.2848,3.5115,0.5021,2.3144,0.2848,2.3144,2.3064,1,0.8279,0
다중,2,0.50,482.0,frame_0026,0.0,1,0,121.2681,214.233,115.836,202.7313,121.2681,202.7313,277.3304,0,0.8839,0
다중,2,0.50,493.8,frame_0027,0.8518,0,0,0.3388,1.8799,0.3535,1.4647,0.3388,1.4647,1.5016,1,0.8518,0
다중,2,0.50,471.3,frame_0028,0.8362,0,0,0.6775,3.0531,0.2125,1.2048,0.6775,1.2048,1.8357,1,0.8362,0
다중,2,0.50,473.1,frame_0029,0.0,1,0,177.8532,756.4732,163.2808,759.2624,177.8532,759.2624,768.9727,0,0.9829,0
다중,2,0.50,476.9,frame_0030,0.8367,0,0,0.2356,1.8439,0.3624,0.9494,0.2356,0.9494,0.9497,1,0.8367,0
다중,2,0.50,473.1,frame_0031,0.0,1,0,173.1936,1027.723,179.0894,1024.3221,173.1936,1024.3221,967.731,0,0.8622,0
다중,2,0.50,470.5,frame_0032,0.8414,0,0,0.5239,3.0877,0.1427,0.8151,0.5239,0.8151,1.1669,1,0.8414,0
다중,2,0.50,522.5,frame_0033,0.9841,0,0,0.2974,2.1843,0.4611,0.9317,0.2974,0.9317,1.1252,1,0.9841,0
다중,2,0.50,478.6,frame_0034,0.0,1,0,151.1487,334.8744,152.2387,308.9561,151.1487,308.9561,344.5369,0,0.8816,0
다중,2,0.50,476.7,frame_0035,0.8627,0,0,0.4111,2.4799,0.2893,1.6726,0.4111,1.6726,1.6776,1,0.8627,0
다중,2,0.50,470.4,frame_0036,0.878,0,0,0.5832,2.2809,0.2598,1.0872,0.5832,1.0872,1.5916,1,0.878,0
다중,2,0.50,485.7,frame_0037,0.9884,0,0,0.3575,2.7063,0.6624,0.9795,0.3575,0.9795,1.0806,1,0.9884,0
다중,2,0.50,477.5,frame_0038,0.8365,0,0,1.0094,3.0767,0.4927,1.0823,1.0094,1.0823,2.1479,1,0.8365,0
다중,2,0.50,487.0,frame_0039,0.8814,0,0,0.485,4.2279,0.5636,1.0212,0.485,1.0212,1.2374,1,0.8814,0
다중,2,0.50,479.5,frame_0040,0.9802,0,0,0.5878,2.0257,0.632,1.4903,0.5878,1.4903,1.6316,1,0.9802,0
다중,2,0.50,479.1,frame_0041,0.8239,0,0,0.9776,1.1895,0.3508,1.4506,0.9776,1.4506,2.2995,1,0.8239,0
다중,2,0.50,487.2,frame_0042,0.984,0,0,0.3509,2.856,0.3611,0.6949,0.3509,0.6949,0.9693,1,0.984,0
다중,2,0.50,512.0,frame_0043,0.8771,0,0,0.6405,2.2287,0.3176,2.5555,0.6405,2.5555,2.5487,1,0.8771,0
다중,2,0.50,498.6,frame_0044,0.988,0,0,1.0248,2.9017,0.9505,1.1492,1.0248,1.1492,2.1039,1,0.988,0
다중,2,0.50,523.1,frame_0045,0.8476,0,0,0.9262,1.9871,0.1096,1.7657,0.9262,1.7657,2.2378,1,0.7891,0
다중,2,0.50,479.9,frame_0046,0.8919,0,0,0.8044,3.654,0.3524,1.0077,0.8044,1.0077,1.7595,1,0.8919,0
다중,2,0.50,493.3,frame_0047,0.0,1,0,5.0329,9.3431,0.2223,1.2281,5.0329,1.2281,7.3983,0,0.9229,0
다중,2,0.50,488.8,frame_0048,0.8611,0,0,0.3594,1.2519,0.3272,1.8329,0.3594,1.8329,1.8555,1,0.7515,0
다중,2,0.50,496.7,frame_0049,0.809,0,0,0.4026,1.8555,0.4467,0.7483,0.4026,0.7483,0.9418,1,0.809,0
다중,2,0.50,486.3,frame_0050,0.8552,0,0,0.6293,2.3326,0.2519,1.0021,0.6293,1.0021,1.6537,1,0.8552,0
다중,2,0.50,506.9,frame_0051,0.8956,0,0,0.3375,2.9461,0.4249,1.3024,0.3375,1.3024,1.4084,1,0.8956,0
다중,2,0.50,511.1,frame_0052,0.8355,0,0,0.6427,3.2026,0.5595,0.8373,0.6427,0.8373,1.3484,1,0.8355,0
다중,2,0.50,511.4,frame_0053,0.9683,0,0,0.0881,1.9334,0.5705,1.3979,0.0881,1.3979,1.4121,1,0.9683,0
다중,2,0.50,470.5,frame_0054,0.8034,0,0,0.4565,4.1151,0.4352,0.924,0.4565,0.924,1.236,1,0.8034,0
다중,2,0.50,508.3,frame_0055,0.9887,0,0,0.4394,2.5575,0.6736,2.1416,0.4394,2.1416,2.2381,1,0.9887,0
다중,2,0.50,518.2,frame_0056,0.967,0,0,0.5708,1.356,0.5548,1.3952,0.5708,1.3952,1.7638,1,0.967,0
다중,2,0.50,480.8,frame_0057,0.899,0,0,0.4537,2.5926,0.4986,1.775,0.4537,1.775,1.7027,1,0.899,0
다중,2,0.50,515.6,frame_0058,0.8266,0,0,0.5447,2.6874,0.2637,1.6754,0.5447,1.6754,1.9749,1,0.8266,0
다중,2,0.50,482.8,frame_0059,0.0,1,0,8.4406,15.2124,0.3376,0.6937,8.4406,0.6937,12.479,0,0.7863,0
다중,2,0.50,471.7,frame_0060,0.9514,0,0,0.2757,1.5192,0.1795,1.2406,0.2757,1.2406,1.3709,1,0.9514,0
다중,2,0.50,482.3,frame_0061,0.9264,0,0,0.6215,2.7925,0.5178,0.5961,0.6215,0.5961,1.0893,1,0.9264,0
다중,2,0.50,494.1,frame_0062,0.8566,0,0,0.5157,1.723,0.2106,1.312,0.5157,1.312,1.7092,1,0.8566,0
다중,2,0.50,518.5,frame_0063,0.8773,0,0,0.3162,2.9243,0.3803,1.2275,0.3162,1.2275,1.3342,1,0.8773,0
다중,2,0.50,522.9,frame_0064,0.0,1,0,82.4078,839.418,82.6149,844.7866,82.4078,844.7866,847.4184,0,0.9146,0
다중,2,0.50,479.5,frame_0065,0.882,0,0,0.5801,0.9675,0.6367,1.5599,0.5801,1.5599,1.7461,1,0.882,0
다중,2,0.50,481.8,frame_0066,0.8921,0,0,0.448,2.6243,0.3636,1.2524,0.448,1.2524,1.5437,1,0.8921,0
다중,2,0.50,476.3,frame_0067,0.9903,0,0,0.2087,2.3412,0.728,0.993,0.2087,0.993,0.9817,1,0.9903,0
다중,2,0.50,484.6,frame_0068,0.938,0,0,0.3265,2.0875,0.432,0.8606,0.3265,0.8606,1.1282,1,0.938,0
다중,2,0.50,504.6,frame_0069,0.8786,0,0,0.2136,1.215,0.347,1.8769,0.2136,1.8769,1.971,1,0.8786,0
다중,2,0.50,521.6,frame_0070,0.8447,0,0,0.3007,3.311,0.3975,1.4107,0.3007,1.4107,1.6422,1,0.8447,0
다중,2,0.50,483.2,frame_0071,0.899,0,0,0.3655,1.4322,0.5075,1.9818,0.3655,1.9818,1.9527,1,0.899,0
다중,2,0.50,503.0,frame_0072,0.8601,0,0,0.3059,2.1737,0.459,1.7263,0.3059,1.7263,1.7484,1,0.8601,0
다중,2,0.50,508.3,frame_0073,0.8719,0,0,0.7259,2.7309,0.7415,1.2747,0.7259,1.2747,1.5646,1,0.8719,0
다중,2,0.50,491.5,frame_0074,0.0002,1,0,0.5049,3.1126,0.4841,1.4656,0.5049,1.4656,1.6462,1,0.8419,0
다중,2,0.50,483.5,frame_0075,0.9879,0,0,0.4127,2.6562,0.4092,0.5319,0.4127,0.5319,0.868,1,0.9879,0
다중,2,0.50,506.6,frame_0076,0.8141,0,0,0.4116,0.9992,0.4082,1.0296,0.4116,1.0296,1.3552,1,0.8141,0
다중,2,0.50,506.1,frame_0077,0.9708,0,0,0.3369,2.0537,0.5939,2.6755,0.3369,2.6755,2.8554,1,0.9708,0
다중,2,0.50,516.2,frame_0078,0.8009,0,0,0.5999,1.1977,0.5988,1.3225,0.5999,1.3225,1.7527,1,0.0,1
다중,2,0.50,523.5,frame_0079,0.9804,0,0,0.3846,0.7206,0.3675,1.4749,0.3846,1.4749,1.7956,1,0.9804,0
다중,2,0.55,541.3,frame_0000,0.844,0,0,0.4948,2.812,0.4023,1.6741,0.4948,1.6741,1.9518,1,0.844,0
다중,2,0.55,524.2,frame_0001,0.8934,0,0,0.504,1.5518,0.3686,1.4481,0.504,1.4481,1.5941,1,0.8934,0
다중,2,0.55,529.8,frame_0002,0.8823,0,0,0.3648,4.202,0.4211,2.4952,0.3648,2.4952,2.5443,1,0.8823,0
다중,2,0.55,562.5,frame_0003,0.8654,0,0,0.4275,1.0527,0.4733,1.3515,0.4275,1.3515,1.5725,1,0.8654,0
다중,2,0.55,535.3,frame_0004,0.0,1,0,139.8491,1183.8088,146.7707,1156.9175,139.8491,1156.9175,1128.9826,0,0.8435,0
다중,2,0.55,542.0,frame_0005,0.9531,0,0,0.3287,2.7556,0.3923,1.3927,0.3287,1.3927,1.3721,1,0.9531,0
다중,2,0.55,572.2,frame_0006,0.9872,0,0,0.1987,2.5521,0.3376,1.9635,0.1987,1.9635,2.0398,1,0.9872,0
다중,2,0.55,542.3,frame_0007,0.8292,0,0,0.2303,2.5311,0.6043,1.0869,0.2303,1.0869,1.1148,1,0.8292,0
다중,2,0.55,527.9,frame_0008,0.0,1,0,62.6593,987.7795,63.6985,966.9797,62.6593,966.9797,968.2029,0,0.6816,0
다중,2,0.55,530.6,frame_0009,0.9891,0,0,0.6956,3.3938,0.5015,1.9164,0.6956,1.9164,2.4046,1,0.9891,0
다중,2,0.55,575.6,frame_0010,0.9331,0,0,0.2075,2.9593,0.1298,1.3425,0.2075,1.3425,1.4417,1,0.9331,0
다중,2,0.55,541.2,frame_0011,0.9286,0,0,0.2467,2.026,0.6765,2.2932,0.2467,2.2932,2.2732,1,0.9286,0
다중,2,0.55,540.2,frame_0012,0.9803,0,0,0.5953,2.1511,0.3774,2.3771,0.5953,2.3771,2.4763,1,0.9803,0
다중,2,0.55,537.0,frame_0013,0.8776,0,0,0.8742,2.8311,0.3275,2.0488,0.8742,2.0488,2.8267,1,0.8776,0
다중,2,0.55,572.1,frame_0014,0.9298,0,0,0.5537,1.7824,0.2854,1.4801,0.5537,1.4801,1.7221,1,0.9298,0
다중,2,0.55,549.0,frame_0015,0.847,0,0,0.8163,0.8982,0.3416,2.5125,0.8163,2.5125,2.8597,1,0.847,0
다중,2,0.55,554.4,frame_0016,0.878,0,0,0.7252,2.5734,0.3593,2.1327,0.7252,2.1327,2.398,1,0.878,0
다중,2,0.55,536.1,frame_0017,0.8646,0,0,0.3992,2.9891,0.4133,2.8995,0.3992,2.8995,2.8156,1,0.8646,0
다중,2,0.55,540.6,frame_0018,0.0,1,0,125.9923,853.1433,125.3531,857.4995,125.9923,857.4995,864.664,0,0.8913,0
다중,2,0.55,545.9,frame_0019,0.9837,0,0,1.1121,3.2028,0.4256,1.2786,1.1121,1.2786,2.1222,1,0.9837,0
다중,2,0.55,565.2,frame_0020,0.0,1,0,98.9987,804.969,99.5207,804.4328,98.9987,804.4328,809.071,0,0.8687,0
다중,2,0.55,557.4,frame_0021,0.0,1,0,89.5176,35.1525,90.141,2.4148,89.5176,2.4148,104.5149,0,0.9837,0
다중,2,0.55,528.1,frame_0022,0.8584,0,0,0.6613,3.4397,0.567,1.6868,0.6613,1.6868,1.9514,1,0.8584,0
다중,2,0.55,531.0,frame_0023,0.9557,0,0,0.3831,0.9319,0.3747,1.758,0.3831,1.758,1.92,1,0.9557,0
다중,2,0.55,530.0,frame_0024,0.9903,0,0,0.319,2.3539,0.188,1.0226,0.319,1.0226,1.0789,1,0.9903,0
다중,2,0.55,532.2,frame_0025,0.8471,0,0,0.7927,2.748,0.7513,1.8007,0.7927,1.8007,2.1619,1,0.8471,0
다중,2,0.55,529.0,frame_0026,0.8465,0,0,0.5966,3.0136,0.5003,2.1735,0.5966,2.1735,2.4123,1,0.6259,0
다중,2,0.55,578.4,frame_0027,0.9903,0,0,0.2737,3.19,0.2591,1.8166,0.2737,1.8166,1.9052,1,0.9903,0
다중,2,0.55,531.8,frame_0028,0.8394,0,0,0.2078,4.2303,0.369,1.4989,0.2078,1.4989,1.4581,1,0.8394,0
다중,2,0.55,529.7,frame_0029,0.8511,0,0,0.1417,2.3239,0.2761,1.789,0.1417,1.789,1.7965,1,0.8511,0
다중,2,0.55,528.8,frame_0030,0.9745,0,0,0.5421,2.6129,0.2708,0.989,0.5421,0.989,1.3533,1,0.9745,0
다중,2,0.55,576.2,frame_0031,0.9609,0,0,0.3112,2.5339,0.5676,2.6157,0.3112,2.6157,2.4899,1,0.9609,0
다중,2,0.55,566.8,frame_0032,0.0,1,0,87.7194,14.9162,89.702,3.2081,87.7194,3.2081,102.7158,0,0.0,1
다중,2,0.55,552.3,frame_0033,0.0,1,0,176.8666,452.142,177.3289,476.1428,176.8666,476.1428,516.7244,0,0.7997,0
다중,2,0.55,559.8,frame_0034,0.9696,0,0,0.2406,0.953,0.2935,1.5744,0.2406,1.5744,1.5347,1,0.9696,0
다중,2,0.55,539.7,frame_0035,0.9419,0,0,0.318,1.2245,0.2997,1.8922,0.318,1.8922,1.8626,1,0.9419,0
다중,2,0.55,546.5,frame_0036,0.9902,0,0,0.2653,2.5705,0.1505,1.4707,0.2653,1.4707,1.447,1,0.9902,0
다중,2,0.55,553.4,frame_0037,0.9593,0,0,0.4438,2.7763,0.2155,1.5351,0.4438,1.5351,1.7835,1,0.9593,0
다중,2,0.55,553.0,frame_0038,0.9873,0,0,0.6443,2.6084,0.54,1.9711,0.6443,1.9711,2.1474,1,0.9873,0
다중,2,0.55,540.7,frame_0039,0.4352,1,0,1.0869,9.426,0.4325,1.2135,1.0869,1.2135,2.0148,1,0.8104,0
다중,2,0.55,570.1,frame_0040,0.8485,0,0,0.5273,2.4787,0.5104,1.5025,0.5273,1.5025,1.838,1,0.8485,0
다중,2,0.55,531.1,frame_0041,0.9906,0,0,0.2508,1.3671,0.4697,1.706,0.2508,1.706,1.9025,1,0.9906,0
다중,2,0.55,573.1,frame_0042,0.8492,0,0,0.701,1.4526,0.1858,1.4482,0.701,1.4482,1.8515,1,0.7882,0
다중,2,0.55,529.9,frame_0043,0.9315,0,0,0.4837,2.8292,0.4263,1.5323,0.4837,1.5323,1.8556,1,0.9315,0
다중,2,0.55,543.3,frame_0044,0.0001,1,0,4.3497,11.6476,0.1642,1.9329,4.3497,1.9329,6.7296,0,0.969,0
다중,2,0.55,538.8,frame_0045,0.8614,0,0,0.737,2.0384,0.4647,2.1451,0.737,2.1451,2.2395,1,0.8614,0
다중,2,0.55,546.7,frame_0046,0.8206,0,0,0.4528,2.1535,0.2991,1.126,0.4528,1.126,1.2733,1,0.8206,0
다중,2,0.55,536.3,frame_0047,0.0,1,0,41.3243,753.8937,40.0332,751.8372,41.3243,751.8372,753.0153,0,0.91,0
다중,2,0.55,556.9,frame_0048,0.9193,0,0,0.4293,2.4328,0.5298,1.2219,0.4293,1.2219,1.5772,1,0.9193,0
다중,2,0.55,561.1,frame_0049,0.8286,0,0,0.7854,3.1373,0.3864,1.36,0.7854,1.36,1.9031,1,0.8286,0
다중,2,0.55,561.4,frame_0050,0.9752,0,0,0.1229,2.2559,0.3769,1.6958,0.1229,1.6958,1.7568,1,0.9752,0
다중,2,0.55,520.5,frame_0051,0.8111,0,0,0.2615,0.8979,0.3658,1.4743,0.2615,1.4743,1.4509,1,0.8111,0
다중,2,0.55,558.3,frame_0052,0.9888,0,0,0.2933,2.3477,0.6113,1.9928,0.2933,1.9928,2.1167,1,0.9888,0
다중,2,0.55,568.2,frame_0053,0.79,0,0,1.1462,3.5995,0.5933,1.4076,1.1462,1.4076,2.1758,1,0.79,0
다중,2,0.55,547.6,frame_0054,0.9112,0,0,0.2952,1.6018,0.2563,1.4553,0.2952,1.4553,1.6413,1,0.9112,0
다중,2,0.55,570.7,frame_0055,0.9605,0,0,0.4769,2.8451,0.27,2.598,0.4769,2.598,2.5748,1,0.9605,0
다중,2,0.55,536.5,frame_0056,0.8073,0,0,0.5821,4.1889,0.5769,0.9898,0.5821,0.9898,1.4607,1,0.8073,0
다중,2,0.55,579.8,frame_0057,0.8648,0,0,0.3888,2.167,0.3413,1.5663,0.3888,1.5663,1.7376,1,0.8648,0
다중,2,0.55,552.3,frame_0058,0.9501,0,0,0.1215,2.1044,0.4951,1.5745,0.1215,1.5745,1.6172,1,0.9501,0
다중,2,0.55,575.2,frame_0059,0.0,1,0,179.1471,323.9851,175.5635,319.5485,179.1471,319.5485,323.921,0,0.8729,0
다중,2,0.55,577.3,frame_0060,0.9842,0,0,0.3581,3.2741,0.0731,1.8556,0.3581,1.8556,1.9931,1,0.9842,0
다중,2,0.55,558.8,frame_0061,0.9533,0,0,0.6253,1.672,0.2248,1.2214,0.6253,1.2214,1.4282,1,0.9533,0
다중,2,0.55,526.3,frame_0062,0.9903,0,0,0.2171,1.7062,0.4389,0.9498,0.2171,0.9498,1.1415,1,0.9903,0
다중,2,0.55,534.6,frame_0063,0.8491,0,0,0.3781,1.9905,0.3629,1.2403,0.3781,1.2403,1.5173,1,0.8491,0
다중,2,0.55,554.6,frame_0064,0.8859,0,0,0.3961,2.2207,0.2529,2.3682,0.3961,2.3682,2.5418,1,0.8859,0
다중,2,0.55,571.6,frame_0065,0.8504,0,0,0.3642,2.4344,0.4018,1.3734,0.3642,1.3734,1.533,1,0.8504,0
다중,2,0.55,533.2,frame_0066,0.9093,0,0,0.4142,1.3079,0.3784,1.5199,0.4142,1.5199,1.5679,1,0.9093,0
다중,2,0.55,553.0,frame_0067,0.8663,0,0,0.2363,2.1041,0.5305,1.9176,0.2363,1.9176,1.8237,1,0.8663,0
다중,2,0.55,558.3,frame_0068,0.8968,0,0,0.4698,2.6505,0.4922,2.3599,0.4698,2.3599,2.2256,1,0.8968,0
다중,2,0.55,541.5,frame_0069,0.0001,1,0,0.3137,3.0473,0.5806,2.1396,0.3137,2.1396,2.1487,1,0.8964,0
다중,2,0.55,533.5,frame_0070,0.9873,0,0,0.3523,3.0108,0.2522,1.0461,0.3523,1.0461,1.2163,1,0.9873,0
다중,2,0.55,556.6,frame_0071,0.8157,0,0,0.3508,2.811,0.388,1.5891,0.3508,1.5891,1.8802,1,0.8157,0
다중,2,0.55,556.1,frame_0072,0.9857,0,0,0.452,2.5767,0.4021,2.491,0.452,2.491,2.6282,1,0.9857,0
다중,2,0.55,566.2,frame_0073,0.7956,0,0,0.7938,1.5194,0.8787,1.6044,0.7938,1.6044,2.2294,1,0.0122,1
다중,2,0.55,573.5,frame_0074,0.9794,0,0,0.3574,1.859,0.3044,1.8864,0.3574,1.8864,2.1513,1,0.9794,0
다중,2,0.55,547.7,frame_0075,0.0,1,0,149.949,169.2934,142.9778,172.1443,149.949,172.1443,274.1384,0,0.825,0
다중,2,0.55,568.4,frame_0076,0.989,0,0,0.1892,2.0801,0.47,1.3477,0.1892,1.3477,1.3762,1,0.989,0
다중,2,0.55,558.8,frame_0077,0.8526,0,0,0.4901,3.6604,0.3285,1.3182,0.4901,1.3182,1.642,1,0.8526,0
다중,2,0.55,527.4,frame_0078,0.8634,0,0,0.5084,2.5042,0.694,1.1684,0.5084,1.1684,1.3079,1,0.8634,0
다중,2,0.55,558.9,frame_0079,0.872,0,0,0.4008,2.6967,0.3236,1.2098,0.4008,1.2098,1.3851,1,0.872,0
다중,2,0.60,591.3,frame_0000,0.8806,0,0,0.3051,3.2929,0.2706,1.2385,0.3051,1.2385,1.4527,1,0.8806,0
다중,2,0.60,574.2,frame_0001,0.9283,0,0,0.4998,1.2537,0.1611,1.5864,0.4998,1.5864,1.7064,1,0.9283,0
다중,2,0.60,579.8,frame_0002,0.8852,0,0,1.2029,1.6931,0.7415,2.4393,1.2029,2.4393,3.3221,1,0.8852,0
다중,2,0.60,612.5,frame_0003,0.8374,0,0,121.2969,633.5068,116.3366,634.1889,121.2969,634.1889,609.7443,0,0.8374,0
다중,2,0.60,585.3,frame_0004,0.0,1,0,177.1571,1158.1381,178.7684,1133.5178,177.1571,1133.5178,1139.6764,0,0.8174,0
다중,2,0.60,592.0,frame_0005,0.9149,0,0,0.4986,3.0571,0.3019,1.8015,0.4986,1.8015,1.8638,1,0.9149,0
다중,2,0.60,622.2,frame_0006,0.985,0,0,0.3436,2.97,0.5056,1.8766,0.3436,1.8766,2.0744,1,0.985,0
다중,2,0.60,592.3,frame_0007,0.8455,0,0,0.7345,2.5627,0.555,0.8987,0.7345,0.8987,1.523,1,0.8455,0
다중,2,0.60,577.9,frame_0008,0.0,1,0,63.9987,994.3583,66.0318,983.3096,63.9987,983.3096,981.5541,0,0.6705,0
다중,2,0.60,580.6,frame_0009,0.9891,0,0,0.4774,3.1581,0.1664,1.7075,0.4774,1.7075,2.0157,1,0.9891,0
다중,2,0.60,625.6,frame_0010,0.9289,0,0,0.5315,2.1535,0.2812,1.62,0.5315,1.62,2.0521,1,0.9289,0
다중,2,0.60,591.2,frame_0011,0.9516,0,0,0.4916,2.3339,0.4502,2.691,0.4916,2.691,2.8898,1,0.9516,0
다중,2,0.60,590.2,frame_0012,0.9823,0,0,0.4581,2.6557,0.437,1.7594,0.4581,1.7594,1.7965,1,0.9823,0
다중,2,0.60,587.0,frame_0013,0.9123,0,0,0.2676,1.8084,0.2792,2.7908,0.2676,2.7908,2.8904,1,0.9123,0
다중,2,0.60,622.1,frame_0014,0.9703,0,0,0.537,2.1959,0.2055,1.787,0.537,1.787,1.912,1,0.9703,0
다중,2,0.60,599.0,frame_0015,0.8469,0,0,0.9095,2.1571,0.2587,2.8287,0.9095,2.8287,3.1439,1,0.8469,0
다중,2,0.60,604.4,frame_0016,0.8866,0,0,0.7224,2.6657,0.6506,1.7795,0.7224,1.7795,2.1148,1,0.8866,0
다중,2,0.60,586.1,frame_0017,0.8778,0,0,0.9591,2.9538,0.3748,2.6778,0.9591,2.6778,3.2065,1,0.8778,0
다중,2,0.60,590.6,frame_0018,0.0,1,0,126.0163,853.0386,125.6282,854.4942,126.0163,854.4942,862.2937,0,0.8945,0
다중,2,0.60,595.9,frame_0019,0.9831,0,0,0.6917,2.8991,0.3144,1.5481,0.6917,1.5481,1.8747,1,0.9831,0
다중,2,0.60,615.2,frame_0020,0.9098,0,0,0.3471,3.2762,0.3532,2.9599,0.3471,2.9599,2.9007,1,0.9098,0
다중,2,0.60,607.4,frame_0021,0.9815,0,0,0.256,3.5994,0.3361,1.8183,0.256,1.8183,1.9167,1,0.9815,0
다중,2,0.60,578.1,frame_0022,0.8628,0,0,0.6828,2.7675,0.4982,2.261,0.6828,2.261,2.4025,1,0.8628,0
다중,2,0.60,581.0,frame_0023,0.9309,0,0,0.3045,0.6319,0.6572,1.553,0.3045,1.553,1.4553,1,0.9309,0
다중,2,0.60,580.0,frame_0024,0.9896,0,0,0.3169,2.2685,0.3094,1.3564,0.3169,1.3564,1.3987,1,0.9896,0
다중,2,0.60,582.2,frame_0025,0.9194,0,0,0.5164,2.8026,0.5079,1.7395,0.5164,1.7395,1.9221,1,0.9194,0
다중,2,0.60,579.0,frame_0026,0.8511,0,0,0.385,2.3774,0.572,2.2592,0.385,2.2592,2.277,1,0.6146,0
다중,2,0.60,628.4,frame_0027,0.9892,0,0,0.3465,3.4313,0.1362,1.9896,0.3465,1.9896,2.1764,1,0.9892,0
다중,2,0.60,581.8,frame_0028,0.8521,0,0,0.1926,3.7236,0.3217,1.5328,0.1926,1.5328,1.5117,1,0.8521,0
다중,2,0.60,579.7,frame_0029,0.8517,0,0,0.1898,2.2775,0.4914,1.7822,0.1898,1.7822,1.7512,1,0.8517,0
다중,2,0.60,578.8,frame_0030,0.9888,0,0,0.5456,2.9848,0.4461,1.75,0.5456,1.75,1.8477,1,0.9888,0
다중,2,0.60,626.2,frame_0031,0.9737,0,0,0.6468,3.2595,0.4297,2.1533,0.6468,2.1533,2.1732,1,0.9737,0
다중,2,0.60,616.8,frame_0032,0.9502,0,0,0.6635,2.4712,0.5186,2.7477,0.6635,2.7477,3.3359,1,0.9502,0
다중,2,0.60,584.0,frame_0033,0.8625,0,0,0.449,1.7008,0.3214,1.9619,0.449,1.9619,1.9114,1,0.8625,0
다중,2,0.60,611.3,frame_0034,0.9136,0,0,0.605,1.8068,0.2485,1.8349,0.605,1.8349,1.988,1,0.9136,0
다중,2,0.60,593.4,frame_0035,0.9883,0,0,0.4996,3.4967,0.4531,1.4639,0.4996,1.4639,1.7373,1,0.9883,0
다중,2,0.60,607.1,frame_0036,0.9384,0,0,0.7269,3.0126,0.3204,1.4384,0.7269,1.4384,1.8402,1,0.9384,0
다중,2,0.60,579.1,frame_0037,0.8317,0,0,0.6004,1.5883,0.4631,1.5879,0.6004,1.5879,2.1789,1,0.6496,0
다중,2,0.60,587.2,frame_0038,0.9885,0,0,0.6137,3.7075,0.3356,1.8336,0.6137,1.8336,2.0686,1,0.9885,0
다중,2,0.60,612.0,frame_0039,0.8865,0,0,0.5029,2.6846,0.307,2.1584,0.5029,2.1584,2.1391,1,0.8865,0
다중,2,0.60,598.6,frame_0040,0.9756,0,0,0.8614,3.8429,0.6158,1.5586,0.8614,1.5586,2.2503,1,0.9756,0
다중,2,0.60,623.1,frame_0041,0.8502,0,0,0.7368,1.0163,0.1306,2.1923,0.7368,2.1923,2.609,1,0.6927,0
다중,2,0.60,579.9,frame_0042,0.9411,0,0,0.8271,3.3658,0.6281,1.468,0.8271,1.468,2.1506,1,0.9411,0
다중,2,0.60,593.3,frame_0043,0.0001,1,0,9.5336,19.8703,0.1088,1.6898,9.5336,1.6898,13.6567,0,0.9793,0
다중,2,0.60,588.8,frame_0044,0.8624,0,0,0.5065,0.8039,0.5872,2.5755,0.5065,2.5755,2.6469,1,0.8624,0
다중,2,0.60,596.7,frame_0045,0.8099,0,0,0.5679,2.4073,0.4577,1.6368,0.5679,1.6368,1.7745,1,0.8099,0
다중,2,0.60,586.3,frame_0046,0.8566,0,0,0.7512,2.3031,0.5114,1.2818,0.7512,1.2818,2.0589,1,0.8566,0
다중,2,0.60,606.9,frame_0047,0.9051,0,0,0.1819,2.9347,0.4378,1.6318,0.1819,1.6318,1.7173,1,0.9051,0
다중,2,0.60,611.1,frame_0048,0.8291,0,0,0.5655,3.444,0.3658,1.1886,0.5655,1.1886,1.4296,1,0.8291,0
다중,2,0.60,611.4,frame_0049,0.9606,0,0,0.267,1.3847,0.5053,2.678,0.267,2.678,2.8794,1,0.9606,0
다중,2,0.60,570.5,frame_0050,0.8136,0,0,0.1315,0.7051,0.4416,2.0228,0.1315,2.0228,1.9605,1,0.8136,0
다중,2,0.60,608.3,frame_0051,0.9886,0,0,0.3399,2.4182,0.5331,2.4936,0.3399,2.4936,2.7053,1,0.9886,0
다중,2,0.60,618.2,frame_0052,0.7896,0,0,0.5722,3.3983,0.567,2.1423,0.5722,2.1423,2.2087,1,0.7896,0
다중,2,0.60,597.6,frame_0053,0.9741,0,0,0.4327,1.6926,0.3344,1.5907,0.4327,1.5907,1.8867,1,0.9741,0
다중,2,0.60,620.7,frame_0054,0.9338,0,0,0.3159,2.6849,0.4063,2.4241,0.3159,2.4241,2.3412,1,0.9338,0
다중,2,0.60,586.5,frame_0055,0.8103,0,0,0.577,3.0348,0.5672,1.0602,0.577,1.0602,1.3178,1,0.8103,0
다중,2,0.60,629.8,frame_0056,0.8714,0,0,0.4676,2.4962,0.2941,1.5129,0.4676,1.5129,1.7634,1,0.8714,0
다중,2,0.60,602.3,frame_0057,0.8969,0,0,0.3393,2.515,0.2626,1.6515,0.3393,1.6515,1.8341,1,0.8969,0
다중,2,0.60,625.2,frame_0058,0.0,1,0,141.7968,1170.847,141.2812,1173.6715,141.7968,1173.6715,1178.4367,0,0.843,0
다중,2,0.60,627.3,frame_0059,0.9781,0,0,0.4277,3.2096,0.3431,1.7526,0.4277,1.7526,1.9579,1,0.9781,0
다중,2,0.60,608.8,frame_0060,0.9353,0,0,0.3213,2.5838,0.2827,1.5649,0.3213,1.5649,1.5904,1,0.9353,0
다중,2,0.60,576.3,frame_0061,0.9768,0,0,0.1317,2.1734,0.3595,1.6585,0.1317,1.6585,1.7308,1,0.9768,0
다중,2,0.60,584.6,frame_0062,0.8536,0,0,0.3468,2.0781,0.1281,1.3701,0.3468,1.3701,1.5858,1,0.8536,0
다중,2,0.60,604.6,frame_0063,0.8943,0,0,0.377,1.9843,0.1106,1.9126,0.377,1.9126,2.002,1,0.8943,0
다중,2,0.60,621.6,frame_0064,0.8638,0,0,0.4867,2.4407,0.4094,1.9157,0.4867,1.9157,2.0341,1,0.8638,0
다중,2,0.60,583.2,frame_0065,0.9374,0,0,0.4741,1.4128,0.4556,2.8015,0.4741,2.8015,2.7551,1,0.9374,0
다중,2,0.60,603.0,frame_0066,0.8917,0,0,0.3188,2.5001,0.5125,3.0229,0.3188,3.0229,2.9302,1,0.8917,0
다중,2,0.60,608.3,frame_0067,0.8828,0,0,0.6576,3.7309,0.4566,1.6766,0.6576,1.6766,2.0831,1,0.8828,0
다중,2,0.60,591.5,frame_0068,0.0001,1,0,0.3099,2.8506,0.4518,2.6445,0.3099,2.6445,2.6656,1,0.8575,0
다중,2,0.60,583.5,frame_0069,0.9802,0,0,0.2845,2.8775,0.2984,1.4789,0.2845,1.4789,1.5719,1,0.9802,0
다중,2,0.60,606.6,frame_0070,0.836,0,0,0.2166,1.8099,0.4441,1.6383,0.2166,1.6383,1.7033,1,0.836,0
다중,2,0.60,606.1,frame_0071,0.9879,0,0,0.4303,2.3544,0.3871,2.5522,0.4303,2.5522,2.7224,1,0.9879,0
다중,2,0.60,616.2,frame_0072,0.8014,0,0,0.903,0.642,0.9085,1.7351,0.903,1.7351,2.4013,1,0.0,1
다중,2,0.60,623.5,frame_0073,0.9764,0,0,0.2602,1.3348,0.5516,1.7209,0.2602,1.7209,1.8585,1,0.9764,0
다중,2,0.60,597.7,frame_0074,0.0,1,0,155.2776,172.7309,135.7742,175.7553,155.2776,175.7553,276.9118,0,0.8411,0
다중,2,0.60,618.4,frame_0075,0.989,0,0,0.3455,2.4056,0.392,1.2413,0.3455,1.2413,1.3186,1,0.989,0
다중,2,0.60,608.8,frame_0076,0.8464,0,0,0.1076,3.6664,0.4019,1.4367,0.1076,1.4367,1.4063,1,0.8464,0
다중,2,0.60,577.4,frame_0077,0.8692,0,0,0.5745,2.2381,0.5599,1.8695,0.5745,1.8695,1.9628,1,0.8692,0
다중,2,0.60,608.9,frame_0078,0.9756,0,0,0.5259,2.6712,0.4311,1.6652,0.5259,1.6652,1.9699,1,0.9756,0
다중,2,0.60,580.0,frame_0079,0.8369,0,0,0.5538,2.2293,0.3978,0.7668,0.5538,0.7668,1.1064,1,0.8369,0
다중,2,0.70,691.3,frame_0000,0.9535,0,0,0.2619,2.3192,0.9215,1.9345,0.2619,1.9345,2.1027,1,0.9535,0
다중,2,0.70,674.2,frame_0001,0.9623,0,0,0.6506,1.0898,0.3508,2.3573,0.6506,2.3573,2.5047,1,0.9623,0
다중,2,0.70,679.8,frame_0002,0.8797,0,0,0.793,1.6628,0.5726,2.5504,0.793,2.5504,2.9415,1,0.8797,0
다중,2,0.70,712.5,frame_0003,0.938,0,0,0.2977,2.3682,0.328,2.126,0.2977,2.126,2.1254,1,0.938,0
다중,2,0.70,685.3,frame_0004,0.0,1,0,53.962,1101.8485,51.2076,1086.7913,53.962,1086.7913,1089.1083,0,0.8169,0
다중,2,0.70,692.0,frame_0005,0.8728,0,0,0.3139,2.9828,0.6478,1.7516,0.3139,1.7516,1.6866,1,0.8728,0
다중,2,0.70,722.2,frame_0006,0.9879,0,0,0.4981,2.5749,0.5203,2.0076,0.4981,2.0076,2.2427,1,0.9879,0
다중,2,0.70,692.3,frame_0007,0.9808,0,0,0.7288,2.5864,0.7488,1.405,0.7288,1.405,1.922,1,0.9808,0
다중,2,0.70,677.9,frame_0008,0.0,1,0,64.8487,979.735,64.4439,971.533,64.8487,971.533,973.2583,0,0.6435,0
다중,2,0.70,680.6,frame_0009,0.9891,0,0,0.1912,3.6959,0.148,1.9024,0.1912,1.9024,1.9782,1,0.9891,0
다중,2,0.70,725.6,frame_0010,0.9849,0,0,0.357,2.3777,0.2927,1.668,0.357,1.668,1.9632,1,0.9849,0
다중,2,0.70,691.2,frame_0011,0.9789,0,0,0.3912,1.7726,0.7137,3.6187,0.3912,3.6187,3.9336,1,0.9789,0
다중,2,0.70,690.2,frame_0012,0.9871,0,0,0.4541,3.1481,0.5718,2.6724,0.4541,2.6724,2.5348,1,0.9871,0
다중,2,0.70,687.0,frame_0013,0.9696,0,0,0.5338,2.1745,0.3461,3.2997,0.5338,3.2997,3.3811,1,0.9696,0
다중,2,0.70,722.1,frame_0014,0.9583,0,0,0.4616,2.4539,0.5434,1.5728,0.4616,1.5728,1.7649,1,0.9583,0
다중,2,0.70,699.0,frame_0015,0.872,0,0,0.9076,1.8954,0.235,3.4477,0.9076,3.4477,3.8095,1,0.872,0
다중,2,0.70,704.4,frame_0016,0.9324,0,0,1.1519,3.2445,0.5645,2.7954,1.1519,2.7954,3.1597,1,0.9324,0
다중,2,0.70,686.1,frame_0017,0.9002,0,0,0.6967,3.1915,0.1124,2.5248,0.6967,2.5248,2.7596,1,0.9002,0
다중,2,0.70,690.6,frame_0018,0.9036,0,0,0.7045,3.7503,0.4869,2.9078,0.7045,2.9078,2.9384,1,0.9036,0
다중,2,0.70,695.9,frame_0019,0.9871,0,0,0.6615,3.2341,0.1876,1.3187,0.6615,1.3187,1.6445,1,0.9871,0
다중,2,0.70,715.2,frame_0020,0.8875,0,0,0.2639,2.5065,0.5822,2.2625,0.2639,2.2625,2.2227,1,0.8875,0
다중,2,0.70,707.4,frame_0021,0.9653,0,0,0.3847,1.8337,0.2683,2.3048,0.3847,2.3048,2.3159,1,0.9653,0
다중,2,0.70,678.1,frame_0022,0.9394,0,0,0.5465,3.1073,0.4219,2.5481,0.5465,2.5481,2.6498,1,0.9394,0
다중,2,0.70,681.0,frame_0023,0.9573,0,0,0.2776,0.6711,0.3387,2.2387,0.2776,2.2387,2.1902,1,0.9573,0
다중,2,0.70,680.0,frame_0024,0.9898,0,0,0.3959,2.5111,0.2365,1.9003,0.3959,1.9003,1.9631,1,0.9898,0
다중,2,0.70,682.2,frame_0025,0.9885,0,0,0.1927,5.2656,0.2954,2.291,0.1927,2.291,2.315,1,0.9885,0
다중,2,0.70,679.0,frame_0026,0.8543,0,0,0.5384,2.9601,0.6032,2.091,0.5384,2.091,2.4484,1,0.5967,0
다중,2,0.70,728.4,frame_0027,0.9873,0,0,0.3904,3.0501,0.1779,2.074,0.3904,2.074,2.2555,1,0.9873,0
다중,2,0.70,681.8,frame_0028,0.9148,0,0,0.3248,3.7083,0.4067,2.0343,0.3248,2.0343,2.0704,1,0.9148,0
다중,2,0.70,679.7,frame_0029,0.9139,0,0,0.4826,2.4287,0.4341,2.5551,0.4826,2.5551,2.5645,1,0.9139,0
다중,2,0.70,678.8,frame_0030,0.989,0,0,0.5625,3.1714,0.4654,1.9814,0.5625,1.9814,2.0924,1,0.989,0
다중,2,0.70,726.2,frame_0031,0.9452,0,0,0.7133,2.6591,0.4215,3.1237,0.7133,3.1237,3.718,1,0.9452,0
다중,2,0.70,716.8,frame_0032,0.9858,0,0,0.8398,2.5193,0.5268,3.0317,0.8398,3.0317,2.963,1,0.9858,0
다중,2,0.70,684.0,frame_0033,0.9167,0,0,0.5817,2.6137,0.0823,1.8761,0.5817,1.8761,1.8959,1,0.9167,0
다중,2,0.70,711.3,frame_0034,0.9862,0,0,0.3599,1.7674,0.236,1.8385,0.3599,1.8385,1.8224,1,0.9862,0
다중,2,0.70,693.4,frame_0035,0.9874,0,0,0.7388,3.1439,0.5649,1.3961,0.7388,1.3961,1.9922,1,0.9874,0
다중,2,0.70,707.1,frame_0036,0.9716,0,0,0.7854,2.4617,0.1799,1.6877,0.7854,1.6877,2.1574,1,0.9716,0
다중,2,0.70,679.1,frame_0037,0.8399,0,0,0.7371,2.2561,0.1593,1.9261,0.7371,1.9261,2.6311,1,0.8399,0
다중,2,0.70,687.2,frame_0038,0.988,0,0,0.5907,2.9534,0.4657,2.2828,0.5907,2.2828,2.5144,1,0.988,0
다중,2,0.70,712.0,frame_0039,0.8937,0,0,0.8336,3.068,0.1185,2.2988,0.8336,2.2988,2.4923,1,0.8937,0
다중,2,0.70,698.6,frame_0040,0.9866,0,0,1.0312,4.9468,0.5306,2.1516,1.0312,2.1516,2.9331,1,0.9866,0
다중,2,0.70,723.1,frame_0041,0.8558,0,0,0.5622,2.3284,0.4728,2.5264,0.5622,2.5264,2.6745,1,0.6971,0
다중,2,0.70,679.9,frame_0042,0.949,0,0,0.7566,3.5848,0.5139,1.7774,0.7566,1.7774,2.3351,1,0.949,0
다중,2,0.70,693.3,frame_0043,0.0001,1,0,125.7217,321.9507,116.4985,304.1009,125.7217,304.1009,315.588,0,0.9596,0
다중,2,0.70,688.8,frame_0044,0.8754,0,0,0.2264,2.1303,0.8836,2.6436,0.2264,2.6436,2.7126,1,0.8754,0
다중,2,0.70,696.7,frame_0045,0.8122,0,0,0.4986,2.3446,0.5818,1.8501,0.4986,1.8501,1.8819,1,0.8122,0
다중,2,0.70,686.3,frame_0046,0.8735,0,0,0.6003,2.4039,0.4416,1.9124,0.6003,1.9124,2.4539,1,0.8735,0
다중,2,0.70,706.9,frame_0047,0.9367,0,0,0.2916,2.6916,0.5072,1.605,0.2916,1.605,1.7704,1,0.9367,0
다중,2,0.70,711.1,frame_0048,0.8308,0,0,0.7023,3.6354,0.8625,1.5683,0.7023,1.5683,1.8149,1,0.8308,0
다중,2,0.70,711.4,frame_0049,0.989,0,0,0.0427,1.43,0.6029,2.7035,0.0427,2.7035,2.694,1,0.989,0
다중,2,0.70,670.5,frame_0050,0.8226,0,0,0.5148,1.2804,0.3422,1.4221,0.5148,1.4221,1.612,1,0.8226,0
다중,2,0.70,708.3,frame_0051,0.9892,0,0,0.3097,2.3243,0.5849,2.3422,0.3097,2.3422,2.4138,1,0.9892,0
다중,2,0.70,718.2,frame_0052,0.7932,0,0,0.389,2.1698,0.8205,1.7932,0.389,1.7932,1.9103,1,0.7932,0
다중,2,0.70,697.6,frame_0053,0.9277,0,0,0.7601,2.1318,0.5662,2.0387,0.7601,2.0387,2.7471,1,0.9277,0
다중,2,0.70,720.7,frame_0054,0.0,1,0,11.9452,983.4964,13.2424,983.5113,11.9452,983.5113,984.1147,0,0.9877,0
다중,2,0.70,686.5,frame_0055,0.8205,0,0,0.7238,3.066,0.5194,1.6179,0.7238,1.6179,1.991,1,0.8205,0
다중,2,0.70,729.8,frame_0056,0.8809,0,0,0.494,2.9708,0.4862,2.095,0.494,2.095,2.2574,1,0.8809,0
다중,2,0.70,702.3,frame_0057,0.8897,0,0,0.1787,2.3438,0.2741,2.0743,0.1787,2.0743,2.1888,1,0.8897,0
다중,2,0.70,725.2,frame_0058,0.0,1,0,142.1729,1171.2366,141.5185,1172.1824,142.1729,1172.1824,1177.3869,0,0.8407,0
다중,2,0.70,727.3,frame_0059,0.9774,0,0,0.6411,3.3139,0.4369,1.9617,0.6411,1.9617,2.2828,1,0.9774,0
다중,2,0.70,708.8,frame_0060,0.928,0,0,0.296,3.4958,0.2794,1.7066,0.296,1.7066,1.6123,1,0.928,0
다중,2,0.70,676.3,frame_0061,0.9901,0,0,0.4243,2.5115,0.4279,1.8468,0.4243,1.8468,2.0738,1,0.9901,0
다중,2,0.70,684.6,frame_0062,0.9309,0,0,0.2601,2.8826,0.2561,1.863,0.2601,1.863,1.9582,1,0.9309,0
다중,2,0.70,704.6,frame_0063,0.9735,0,0,0.3495,2.2035,0.2379,2.286,0.3495,2.286,2.3187,1,0.9735,0
다중,2,0.70,721.6,frame_0064,0.9696,0,0,0.7001,2.8242,0.4396,1.6741,0.7001,1.6741,2.0472,1,0.9696,0
다중,2,0.70,683.2,frame_0065,0.9179,0,0,0.4843,2.0703,0.4324,3.2993,0.4843,3.2993,3.2486,1,0.9179,0
다중,2,0.70,703.0,frame_0066,0.9069,0,0,0.5766,2.5889,0.5217,3.4452,0.5766,3.4452,3.334,1,0.9069,0
다중,2,0.70,708.3,frame_0067,0.8921,0,0,0.5989,2.9466,0.1741,2.9659,0.5989,2.9659,2.8781,1,0.8921,0
다중,2,0.70,691.5,frame_0068,0.8482,0,0,0.5885,3.7843,0.4932,2.3615,0.5885,2.3615,2.4373,1,0.8482,0
다중,2,0.70,683.5,frame_0069,0.9888,0,0,0.2318,3.2317,0.1266,1.6474,0.2318,1.6474,1.6107,1,0.9888,0
다중,2,0.70,706.6,frame_0070,0.9395,0,0,0.5307,1.8301,0.2593,1.962,0.5307,1.962,2.1341,1,0.9395,0
다중,2,0.70,706.1,frame_0071,0.9876,0,0,0.3869,2.629,0.6436,2.7376,0.3869,2.7376,2.5859,1,0.9876,0
다중,2,0.70,716.2,frame_0072,0.81,0,0,0.9279,1.7463,0.6348,1.8093,0.9279,1.8093,2.6812,1,0.1011,1
다중,2,0.70,723.5,frame_0073,0.9819,0,0,0.771,1.2977,0.3853,2.091,0.771,2.091,2.8153,1,0.9819,0
다중,2,0.70,697.7,frame_0074,0.0,1,0,154.2049,169.5785,144.8334,172.5212,154.2049,172.5212,272.7008,0,0.8447,0
다중,2,0.70,718.4,frame_0075,0.9883,0,0,0.2844,1.9279,0.4605,1.9471,0.2844,1.9471,2.123,1,0.9883,0
다중,2,0.70,708.8,frame_0076,0.9822,0,0,0.4782,2.5159,0.4475,1.5492,0.4782,1.5492,1.8623,1,0.9822,0
다중,2,0.70,677.4,frame_0077,0.9804,0,0,0.5585,2.5411,0.4568,2.2415,0.5585,2.2415,2.3045,1,0.9804,0
다중,2,0.70,708.9,frame_0078,0.967,0,0,0.618,2.6847,0.6156,1.6987,0.618,1.6987,2.0394,1,0.967,0
다중,2,0.70,680.0,frame_0079,0.8849,0,0,0.8467,2.7707,0.1884,1.7681,0.8467,1.7681,2.1395,1,0.8849,0
다중,2,0.85,841.3,frame_0000,0.9424,0,0,0.3272,1.948,0.8181,1.7981,0.3272,1.7981,2.1087,1,0.9424,0
다중,2,0.85,824.2,frame_0001,0.9762,0,0,0.6053,2.4769,0.3888,2.5743,0.6053,2.5743,2.6586,1,0.9762,0
다중,2,0.85,829.8,frame_0002,0.8837,0,0,1.4142,1.5539,0.5222,3.5114,1.4142,3.5114,4.2529,1,0.8837,0
다중,2,0.85,862.5,frame_0003,0.9598,0,0,0.3382,3.0512,0.7454,1.6704,0.3382,1.6704,1.7953,1,0.9598,0
다중,2,0.85,835.3,frame_0004,0.0,1,0,55.7285,1102.8175,54.8482,1097.9525,55.7285,1097.9525,1100.5817,0,0.8245,0
다중,2,0.85,842.0,frame_0005,0.8761,0,0,0.2332,3.542,0.779,1.7129,0.2332,1.7129,1.793,1,0.8574,0
다중,2,0.85,872.2,frame_0006,0.9841,0,0,0.286,3.3374,0.5424,2.0427,0.286,2.0427,2.0674,1,0.9841,0
다중,2,0.85,842.3,frame_0007,0.9099,0,0,0.8705,3.049,1.5128,2.2522,0.8705,2.2522,2.6978,1,0.9099,0
다중,2,0.85,827.9,frame_0008,0.0,1,0,85.1857,392.4236,72.1901,436.6246,85.1857,436.6246,505.6776,0,0.0,1
다중,2,0.85,830.6,frame_0009,0.9898,0,0,0.3318,3.4944,0.4392,1.9447,0.3318,1.9447,2.0779,1,0.9898,0
다중,2,0.85,875.6,frame_0010,0.9677,0,0,0.599,3.3922,0.8066,2.129,0.599,2.129,2.6265,1,0.9677,0
다중,2,0.85,841.2,frame_0011,0.9822,0,0,0.5276,4.547,0.6242,2.4478,0.5276,2.4478,2.3224,1,0.9822,0
다중,2,0.85,840.2,frame_0012,0.9876,0,0,0.418,3.4029,0.3304,2.1899,0.418,2.1899,2.0398,1,0.9876,0
다중,2,0.85,837.0,frame_0013,0.9157,0,0,0.2864,2.7669,0.0861,4.3744,0.2864,4.3744,4.4207,1,0.9157,0
다중,2,0.85,872.1,frame_0014,0.9694,0,0,0.3092,2.2731,0.3932,1.5947,0.3092,1.5947,1.74,1,0.9694,0
다중,2,0.85,849.0,frame_0015,0.8914,0,0,1.3564,3.3246,0.5344,4.1124,1.3564,4.1124,4.6543,1,0.8914,0
다중,2,0.85,854.4,frame_0016,0.9099,0,0,0.5793,2.7068,0.57,2.8048,0.5793,2.8048,2.9144,1,0.9099,0
다중,2,0.85,836.1,frame_0017,0.8852,0,0,0.6518,3.0884,0.2527,2.623,0.6518,2.623,2.7335,1,0.8852,0
다중,2,0.85,840.6,frame_0018,0.9207,0,0,0.5116,3.4105,0.3101,1.9819,0.5116,1.9819,1.9461,1,0.9207,0
다중,2,0.85,845.9,frame_0019,0.9878,0,0,0.7288,2.6373,0.5188,3.0501,0.7288,3.0501,2.9538,1,0.9878,0
다중,2,0.85,865.2,frame_0020,0.8851,0,0,0.5095,4.0312,0.452,3.3696,0.5095,3.3696,3.5774,1,0.8851,0
다중,2,0.85,857.4,frame_0021,0.94,0,0,4.2613,11.4579,0.7947,2.1208,4.2613,2.1208,6.7398,0,0.94,0
다중,2,0.85,828.1,frame_0022,0.9541,0,0,0.5388,2.9836,0.1923,2.4376,0.5388,2.4376,2.5378,1,0.9541,0
다중,2,0.85,831.0,frame_0023,0.852,0,0,0.4613,4.6336,0.8522,2.3526,0.4613,2.3526,2.3197,1,0.852,0
다중,2,0.85,857.2,frame_0024,0.9096,0,0,0.352,2.5287,0.3554,3.2163,0.352,3.2163,3.2493,1,0.9096,0
다중,2,0.85,856.8,frame_0025,0.9845,0,0,0.3109,2.701,0.4838,3.0094,0.3109,3.0094,3.2563,1,0.9845,0
다중,2,0.85,867.2,frame_0026,0.9196,0,0,0.4358,4.0299,0.6887,1.9426,0.4358,1.9426,1.866,1,0.9196,0
다중,2,0.85,844.2,frame_0027,0.962,0,0,0.5698,2.504,0.2743,1.8074,0.5698,1.8074,1.8739,1,0.962,0
다중,2,0.85,851.2,frame_0028,0.988,0,0,0.4444,3.0582,0.4698,2.0351,0.4444,2.0351,2.1106,1,0.988,0
다중,2,0.85,828.9,frame_0029,0.9891,0,0,0.3296,3.9507,0.2913,2.0506,0.3296,2.0506,2.0633,1,0.9891,0
다중,2,0.85,854.5,frame_0030,0.9871,0,0,0.6925,3.4349,0.2755,2.65,0.6925,2.65,2.7157,1,0.9871,0
다중,2,0.85,874.4,frame_0031,0.9871,0,0,0.3915,1.3478,0.9741,2.4573,0.3915,2.4573,2.5958,1,0.9871,0
다중,2,0.85,877.4,frame_0032,0.8523,0,0,0.2086,1.2296,0.3145,1.7498,0.2086,1.7498,1.879,1,0.6405,0
다중,2,0.85,877.7,frame_0033,0.9871,0,0,0.5029,1.8647,0.3528,2.6715,0.5029,2.6715,2.5863,1,0.9871,0
다중,2,0.85,842.5,frame_0034,0.9425,0,0,0.3446,0.8183,0.4555,2.4989,0.3446,2.4989,2.7095,1,0.9425,0
다중,2,0.85,865.4,frame_0035,0.9849,0,0,0.6269,3.3768,0.633,2.0126,0.6269,2.0126,2.1143,1,0.9849,0
다중,2,0.85,850.1,frame_0036,0.9884,0,0,0.6345,3.0945,0.2573,1.8928,0.6345,1.8928,1.9803,1,0.9884,0
다중,2,0.85,878.3,frame_0037,0.8668,0,0,0.3814,1.9822,0.2921,2.4943,0.3814,2.4943,2.7939,1,0.8668,0
다중,2,0.85,846.2,frame_0038,0.9862,0,0,0.4134,2.5651,0.4566,2.2408,0.4134,2.2408,2.3115,1,0.9862,0
다중,2,0.85,825.4,frame_0039,0.8448,0,0,0.5731,2.1847,0.3705,2.153,0.5731,2.153,2.2108,1,0.8448,0
다중,2,0.85,837.2,frame_0040,0.8375,0,0,0.3238,2.9773,0.8402,2.2432,0.3238,2.2432,2.2193,1,0.8375,0
다중,2,0.85,831.1,frame_0041,0.9643,0,0,0.4626,2.034,0.7028,2.0258,0.4626,2.0258,2.0734,1,0.9643,0
다중,2,0.85,828.9,frame_0042,0.986,0,0,1.1082,3.416,0.6789,1.2952,1.1082,1.2952,2.4193,1,0.986,0
다중,2,0.85,849.6,frame_0043,0.9856,0,0,0.3741,2.5789,0.8163,1.6437,0.3741,1.6437,1.8034,1,0.9856,0
다중,2,0.85,849.5,frame_0044,0.9804,0,0,0.2766,1.8878,0.3287,2.4531,0.2766,2.4531,2.4239,1,0.9804,0
다중,2,0.85,826.2,frame_0045,0.9508,0,0,0.8544,3.2478,0.8258,3.1561,0.8544,3.1561,3.0647,1,0.9508,0
다중,2,0.85,842.5,frame_0046,0.0,1,0,42.7313,1100.2202,42.0665,1103.1177,42.7313,1103.1177,1104.0366,0,0.9323,0
다중,2,0.85,836.3,frame_0047,0.941,0,0,1.0371,2.4274,0.6216,2.391,1.0371,2.391,3.3764,1,0.941,0
다중,2,0.85,856.9,frame_0048,0.9798,0,0,0.3689,3.0273,0.6214,1.5825,0.3689,1.5825,1.878,1,0.9798,0
다중,2,0.85,861.1,frame_0049,0.8421,0,0,0.6626,3.4706,1.2855,2.6279,0.6626,2.6279,2.7641,1,0.8421,0
다중,2,0.85,861.4,frame_0050,0.9884,0,0,0.1692,1.7317,0.6557,2.0545,0.1692,2.0545,2.1074,1,0.9884,0
다중,2,0.85,820.5,frame_0051,0.8265,0,0,0.8844,2.7928,0.5008,2.0981,0.8844,2.0981,2.5144,1,0.8265,0
다중,2,0.85,858.3,frame_0052,0.9887,0,0,0.3147,2.7329,0.8377,2.2823,0.3147,2.2823,2.3572,1,0.9887,0
다중,2,0.85,868.2,frame_0053,0.7962,0,0,0.4371,3.3102,0.5298,2.9767,0.4371,2.9767,2.9749,1,0.7962,0
다중,2,0.85,847.6,frame_0054,0.948,0,0,0.2836,3.3888,0.4782,2.1478,0.2836,2.1478,2.3041,1,0.948,0
다중,2,0.85,870.7,frame_0055,0.9787,0,0,0.5013,3.1478,0.9541,1.5081,0.5013,1.5081,1.5754,1,0.9787,0
다중,2,0.85,836.5,frame_0056,0.8281,0,0,0.3647,2.9535,0.6946,2.0317,0.3647,2.0317,2.087,1,0.8281,0
다중,2,0.85,879.8,frame_0057,0.8882,0,0,0.5504,3.894,0.6558,2.0091,0.5504,2.0091,2.2948,1,0.8882,0
다중,2,0.85,852.3,frame_0058,0.9287,0,0,0.1543,1.7719,0.382,2.3308,0.1543,2.3308,2.4258,1,0.9287,0
다중,2,0.85,875.2,frame_0059,0.0,1,0,142.2301,1169.3084,141.4626,1175.8434,142.2301,1175.8434,1180.9974,0,0.8542,0
다중,2,0.85,877.3,frame_0060,0.9773,0,0,0.6126,2.8322,0.7048,1.6963,0.6126,1.6963,2.2005,1,0.9773,0
다중,2,0.85,858.8,frame_0061,0.9534,0,0,0.5531,4.1109,0.6356,1.3339,0.5531,1.3339,1.5591,1,0.9534,0
다중,2,0.85,826.3,frame_0062,0.9898,0,0,0.2921,2.6803,0.4728,1.9836,0.2921,1.9836,2.1986,1,0.9898,0
다중,2,0.85,834.6,frame_0063,0.949,0,0,0.4876,2.1199,0.183,2.0608,0.4876,2.0608,2.2828,1,0.949,0
다중,2,0.85,854.6,frame_0064,0.9642,0,0,0.2633,3.5112,0.3859,2.5967,0.2633,2.5967,2.4669,1,0.9642,0
다중,2,0.85,871.6,frame_0065,0.9325,0,0,0.562,3.6917,0.9158,1.6246,0.562,1.6246,1.8531,1,0.9325,0
다중,2,0.85,833.2,frame_0066,0.9551,0,0,0.8258,2.3328,0.3187,3.2177,0.8258,3.2177,3.3989,1,0.9551,0
다중,2,0.85,853.0,frame_0067,0.8886,0,0,0.5465,2.19,0.3503,2.1216,0.5465,2.1216,2.0383,1,0.8886,0
다중,2,0.85,858.3,frame_0068,0.8714,0,0,0.7579,3.1733,0.1356,4.3373,0.7579,4.3373,4.1156,1,0.8714,0
다중,2,0.85,841.5,frame_0069,0.8464,0,0,0.2438,3.3202,0.4109,1.6975,0.2438,1.6975,1.6457,1,0.8464,0
다중,2,0.85,833.5,frame_0070,0.9888,0,0,0.3512,2.8249,0.4811,1.923,0.3512,1.923,1.9754,1,0.9888,0
다중,2,0.85,856.6,frame_0071,0.8558,0,0,0.3455,0.6448,0.291,2.7612,0.3455,2.7612,3.014,1,0.8558,0
다중,2,0.85,856.1,frame_0072,0.9885,0,0,0.3812,2.6436,0.5897,2.3976,0.3812,2.3976,2.2592,1,0.9885,0
다중,2,0.85,866.2,frame_0073,0.8168,0,0,0.907,4.5244,1.0733,1.867,0.907,1.867,2.688,1,0.0,1
다중,2,0.85,873.5,frame_0074,0.0,1,0,172.9698,419.2907,176.4701,407.5179,172.9698,407.5179,414.2854,0,0.9836,0
다중,2,0.85,847.7,frame_0075,0.0,1,0,148.6557,1007.1385,146.2314,1002.4961,148.6557,1002.4961,1008.1122,0,0.826,0
다중,2,0.85,868.4,frame_0076,0.9888,0,0,0.4767,0.6794,0.3504,2.3063,0.4767,2.3063,2.6873,1,0.9888,0
다중,2,0.85,858.8,frame_0077,0.8483,0,0,0.1927,3.582,1.3358,2.6649,0.1927,2.6649,2.7889,1,0.8483,0
다중,2,0.85,827.4,frame_0078,0.8848,0,0,0.6367,3.0707,0.5005,2.117,0.6367,2.117,2.3856,1,0.8848,0
다중,2,0.85,858.9,frame_0079,0.9823,0,0,1.1113,2.9736,0.7713,1.9033,1.1113,1.9033,2.7672,1,0.9823,0
단일,0,0.30,291.3,frame_0000,0.8653,0,1,1.3643,4.0146,0.2911,1.0036,1.3643,1.0036,2.3493,1,0.8653,0
단일,0,0.30,270.3,frame_0001,0.8886,0,1,0.2327,3.4942,0.3574,0.6761,0.2327,0.6761,0.7824,1,0.8886,0
단일,0,0.30,311.5,frame_0002,0.99,0,0,0.6085,1.6924,0.1771,0.5224,0.6085,0.5224,1.2066,1,0.99,0
단일,0,0.30,290.3,frame_0003,0.8214,0,1,1.3912,1.6838,0.4532,0.6204,1.3912,0.6204,2.1234,1,0.7032,0
단일,0,0.30,292.0,frame_0004,0.8266,0,0,0.4727,3.4104,0.4525,0.6602,0.4727,0.6602,1.0276,1,0.8266,0
단일,0,0.30,329.5,frame_0005,0.8707,0,1,0.2845,2.6644,0.3668,0.7104,0.2845,0.7104,0.9146,1,0.8707,0
단일,0,0.30,270.7,frame_0006,0.7715,0,0,0.6408,2.4519,0.3874,0.8615,0.6408,0.8615,1.3799,1,0.7715,0
단일,0,0.30,303.3,frame_0007,0.0,1,1,147.5066,501.1225,140.2943,462.1227,147.5066,462.1227,440.4118,0,0.8734,0
단일,0,0.30,316.1,frame_0008,0.8725,0,1,0.8757,3.4344,0.3824,0.3852,0.8757,0.3852,1.4239,1,0.8725,0
단일,0,0.30,298.5,frame_0009,0.8659,0,1,0.7105,1.6518,0.1258,0.8632,0.7105,0.8632,1.309,1,0.8659,0
단일,0,0.30,276.8,frame_0010,0.9567,0,1,0.1882,1.2566,0.5033,0.6546,0.1882,0.6546,0.7428,1,0.9567,0
단일,0,0.30,290.2,frame_0011,0.7637,0,0,0.5101,1.6082,0.7395,0.5226,0.5101,0.5226,0.9371,1,0.7637,0
단일,0,0.30,304.8,frame_0012,0.876,0,1,1.2946,2.825,0.2578,0.3959,1.2946,0.3959,1.948,1,0.876,0
단일,0,0.30,291.3,frame_0013,0.8937,0,1,0.1989,1.4148,0.4185,0.88,0.1989,0.88,0.8973,1,0.8937,0
단일,0,0.30,290.6,frame_0014,0.8305,0,1,0.8159,1.3236,0.2405,1.1557,0.8159,1.1557,1.5285,1,0.8305,0
단일,0,0.30,328.6,frame_0015,0.8851,0,1,0.4409,3.7342,0.6169,0.8792,0.4409,0.8792,1.2746,1,0.8851,0
단일,0,0.30,328.2,frame_0016,0.9875,0,0,0.1615,2.1717,0.2285,0.4038,0.1615,0.4038,0.4336,1,0.9875,0
단일,0,0.30,298.7,frame_0017,0.8146,0,0,0.3354,0.5519,0.1698,0.7575,0.3354,0.7575,1.0193,1,0.8146,0
단일,0,0.30,288.1,frame_0018,0.8655,0,1,0.439,3.6661,0.0953,0.8732,0.439,0.8732,1.215,1,0.8655,0
단일,0,0.30,328.9,frame_0019,0.9549,0,0,0.7388,3.2627,0.6744,1.0925,0.7388,1.0925,1.6296,1,0.9549,0
단일,0,0.30,299.2,frame_0020,0.8836,0,1,0.3907,3.1747,0.2011,0.3928,0.3907,0.3928,0.7434,1,0.8836,0
단일,0,0.30,293.0,frame_0021,0.8733,0,1,1.1282,4.9496,0.3507,0.8177,1.1282,0.8177,2.0024,1,0.8733,0
단일,0,0.30,292.6,frame_0022,0.8544,0,1,0.1445,4.176,0.3281,0.5325,0.1445,0.5325,0.5922,1,0.8544,0
단일,0,0.30,328.4,frame_0023,0.9111,0,0,0.4828,3.8646,0.2538,0.3664,0.4828,0.3664,0.795,1,0.9111,0
단일,0,0.30,316.1,frame_0024,0.8751,0,1,0.5432,4.2396,0.3877,0.5499,0.5432,0.5499,1.0824,1,0.8751,0
단일,0,0.30,301.9,frame_0025,0.863,0,1,1.1606,3.9029,0.4762,1.0859,1.1606,1.0859,2.1236,1,0.863,0
단일,0,0.30,329.5,frame_0026,0.8155,0,0,0.1686,2.1286,0.4237,0.7582,0.1686,0.7582,0.887,1,0.8155,0
단일,0,0.30,309.8,frame_0027,0.9911,0,1,0.2613,1.5647,0.2068,0.9472,0.2613,0.9472,1.0652,1,0.9911,0
단일,0,0.30,326.5,frame_0028,0.863,0,1,1.7146,3.724,0.3865,0.2562,1.7146,0.2562,2.5312,1,0.863,0
단일,0,0.30,290.3,frame_0029,0.8526,0,1,0.5105,1.809,0.1146,0.8489,0.5105,0.8489,1.1311,1,0.8526,0
단일,0,0.30,300.6,frame_0030,0.8812,0,1,1.4325,4.3941,0.4786,0.6671,1.4325,0.6671,2.2082,1,0.8812,0
단일,0,0.30,301.8,frame_0031,0.757,0,1,0.8402,0.646,0.6359,0.8748,0.8402,0.8748,1.4968,1,0.757,0
단일,0,0.30,287.2,frame_0032,0.8213,0,1,0.2866,2.8482,0.4281,0.9455,0.2866,0.9455,1.1244,1,0.8213,0
단일,0,0.30,281.1,frame_0033,0.8317,0,1,0.4098,3.0737,0.2664,0.738,0.4098,0.738,0.9497,1,0.8317,0
단일,0,0.30,323.0,frame_0034,0.8632,0,1,1.1229,2.8255,0.4637,0.766,1.1229,0.766,1.9125,1,0.8632,0
단일,0,0.30,325.2,frame_0035,0.8524,0,1,0.2917,2.4204,0.2282,0.8033,0.2917,0.8033,0.9896,1,0.8524,0
단일,0,0.30,304.2,frame_0036,0.979,0,0,0.4964,4.3203,0.6389,0.5453,0.4964,0.5453,0.9415,1,0.979,0
단일,0,0.30,311.8,frame_0037,0.8286,0,1,0.8141,5.6806,0.3778,0.4498,0.8141,0.4498,1.23,1,0.8286,0
단일,0,0.30,282.1,frame_0038,0.843,0,1,0.617,3.8961,0.1694,0.6205,0.617,0.6205,1.0535,1,0.843,0
단일,0,0.30,293.6,frame_0039,0.9898,0,0,0.5355,2.3385,0.6378,0.4788,0.5355,0.4788,0.9311,1,0.9898,0
단일,0,0.30,288.1,frame_0040,0.991,0,1,0.8707,4.1983,0.3929,0.5883,0.8707,0.5883,1.4089,1,0.991,0
단일,0,0.30,286.5,frame_0041,0.8511,0,1,1.2877,7.6338,0.2421,0.7257,1.2877,0.7257,2.0095,1,0.8511,0
단일,0,0.30,309.3,frame_0042,0.8949,0,1,0.5515,1.6203,0.3657,0.152,0.5515,0.152,0.7942,1,0.8949,0
단일,0,0.30,327.9,frame_0043,0.9908,0,0,0.4301,3.8883,0.452,0.4897,0.4301,0.4897,0.8065,1,0.9908,0
단일,0,0.30,276.4,frame_0044,0.0,1,1,2.4188,4.6842,0.4124,1.0809,2.4188,1.0809,3.8816,1,0.8288,0
단일,0,0.30,271.7,frame_0045,0.8254,0,1,1.9252,4.8811,0.3476,0.3235,1.9252,0.3235,2.6786,1,0.8254,0
단일,0,0.30,317.8,frame_0046,0.9207,0,0,0.1911,1.9929,0.5137,0.5753,0.1911,0.5753,0.7499,1,0.9207,0
단일,0,0.30,321.3,frame_0047,0.8277,0,0,0.7884,3.8256,0.1851,0.6394,0.7884,0.6394,1.2727,1,0.8277,0
단일,0,0.30,324.5,frame_0048,0.8665,0,1,0.9236,3.0831,0.3997,0.6336,0.9236,0.6336,1.6834,1,0.8665,0
단일,0,0.30,307.3,frame_0049,0.9886,0,0,0.1522,1.8079,0.8184,1.0642,0.1522,1.0642,1.1004,1,0.9886,0
단일,0,0.30,322.8,frame_0050,0.0,1,1,132.7316,164.0799,127.4385,139.003,132.7316,139.003,222.7439,0,0.8228,0
단일,0,0.30,280.3,frame_0051,0.7893,0,1,0.9398,2.2592,0.7956,0.9817,0.9398,0.9817,1.821,1,0.7893,0
단일,0,0.30,312.6,frame_0052,0.7317,0,0,0.5362,5.4171,0.52,0.9874,0.5362,0.9874,1.3859,1,0.7317,0
단일,0,0.30,280.6,frame_0053,0.8338,0,1,0.9684,3.9959,0.2285,0.6718,0.9684,0.6718,1.6204,1,0.8338,0
단일,0,0.30,308.4,frame_0054,0.8944,0,1,1.0137,3.533,0.357,0.7612,1.0137,0.7612,1.7049,1,0.8944,0
단일,0,0.30,318.1,frame_0055,0.8233,0,0,0.3256,2.7641,0.7576,1.0261,0.3256,1.0261,1.1836,1,0.8233,0
단일,0,0.30,313.6,frame_0056,0.8733,0,1,1.7613,4.8341,0.4172,0.647,1.7613,0.647,2.6676,1,0.8733,0
단일,0,0.30,301.7,frame_0057,0.8805,0,1,1.2235,3.8119,0.2384,0.4493,1.2235,0.4493,1.827,1,0.8805,0
단일,0,0.30,286.9,frame_0058,0.8553,0,1,1.9949,5.9337,0.1921,0.9169,1.9949,0.9169,3.2359,1,0.8553,0
단일,0,0.30,323.7,frame_0059,0.8868,0,1,0.9346,2.4411,0.4311,1.1596,0.9346,1.1596,2.1119,1,0.8868,0
단일,0,0.30,276.4,frame_0060,0.8322,0,1,0.395,1.9331,0.2219,0.694,0.395,0.694,0.855,1,0.8322,0
단일,0,0.30,318.9,frame_0061,0.0,1,1,179.369,257.5681,178.3059,290.8115,179.369,290.8115,305.0788,0,0.8119,0
단일,0,0.30,277.0,frame_0062,0.8669,0,1,0.6315,4.6975,0.4319,0.717,0.6315,0.717,1.2659,1,0.8669,0
단일,0,0.30,273.8,frame_0063,0.8286,0,1,0.5827,2.1021,0.3828,0.8167,0.5827,0.8167,1.1278,1,0.8286,0
단일,0,0.30,327.2,frame_0064,0.8498,0,0,0.7211,4.3906,0.3297,0.3835,0.7211,0.3835,1.0336,1,0.8498,0
단일,0,0.30,320.3,frame_0065,0.8073,0,1,0.8682,3.2491,0.2274,0.6935,0.8682,0.6935,1.5219,1,0.8073,0
단일,0,0.30,310.6,frame_0066,0.9901,0,1,0.7877,3.4797,0.5111,0.2025,0.7877,0.2025,1.1547,1,0.9901,0
단일,0,0.30,275.0,frame_0067,0.8583,0,1,1.1809,4.4687,0.4224,1.1476,1.1809,1.1476,2.2469,1,0.8583,0
단일,0,0.30,284.7,frame_0068,0.0,1,1,154.9862,152.9197,161.5244,143.0693,154.9862,143.0693,224.6917,0,0.8232,0
단일,0,0.30,288.2,frame_0069,0.1182,1,1,0.6144,5.4,0.4983,0.9643,0.6144,0.9643,1.3955,1,0.8793,0
단일,0,0.30,321.8,frame_0070,0.909,0,0,0.3144,2.8956,0.3997,0.2713,0.3144,0.2713,0.5514,1,0.909,0
단일,0,0.30,316.6,frame_0071,0.7851,0,1,0.2324,2.2431,0.4751,0.7286,0.2324,0.7286,0.8455,1,0.7851,0
단일,0,0.30,294.2,frame_0072,0.865,0,1,0.8461,2.2974,0.1745,0.8508,0.8461,0.8508,1.5471,1,0.865,0
단일,0,0.30,277.0,frame_0073,0.8649,0,1,0.3297,4.9471,0.2373,0.6843,0.3297,0.6843,0.9268,1,0.8649,0
단일,0,0.30,302.4,frame_0074,0.8414,0,1,1.0569,4.0364,0.4628,0.6467,1.0569,0.6467,1.6616,1,0.8414,0
단일,0,0.30,288.5,frame_0075,0.8322,0,1,0.601,4.5781,0.2235,0.5231,0.601,0.5231,1.0703,1,0.8322,0
단일,0,0.30,325.4,frame_0076,0.9822,0,0,0.7443,2.5637,0.3516,0.4019,0.7443,0.4019,1.1366,1,0.9822,0
단일,0,0.30,276.7,frame_0077,0.9906,0,1,0.2996,1.3907,0.2986,0.6099,0.2996,0.6099,0.6824,1,0.9906,0
단일,0,0.30,320.0,frame_0078,0.0,1,1,126.1405,286.973,134.3095,354.5794,126.1405,354.5794,405.7633,0,0.862,0
단일,0,0.30,276.6,frame_0079,0.858,0,1,1.0161,2.0632,0.3609,1.0418,1.0161,1.0418,1.9456,1,0.858,0
단일,0,0.40,391.3,frame_0000,0.8282,0,0,0.4799,2.8346,0.2813,0.7887,0.4799,0.7887,1.2034,1,0.8282,0
단일,0,0.40,370.3,frame_0001,0.8628,0,0,0.5081,5.0088,0.2614,0.4129,0.5081,0.4129,0.8438,1,0.8628,0
단일,0,0.40,411.5,frame_0002,0.9896,0,0,0.427,0.6457,0.1726,0.9103,0.427,0.9103,1.2806,1,0.9896,0
단일,0,0.40,390.3,frame_0003,0.8179,0,0,1.1653,5.1375,0.4596,0.6804,1.1653,0.6804,1.8483,1,0.7216,0
단일,0,0.40,392.0,frame_0004,0.8176,0,0,0.678,6.4149,0.6806,0.697,0.678,0.697,1.2034,1,0.8176,0
단일,0,0.40,429.5,frame_0005,0.8794,0,0,0.2081,2.7787,0.2609,0.8599,0.2081,0.8599,1.0071,1,0.8794,0
단일,0,0.40,370.7,frame_0006,0.7712,0,0,0.3489,2.0361,0.2861,0.7185,0.3489,0.7185,0.8534,1,0.7712,0
단일,0,0.40,403.3,frame_0007,0.8808,0,1,0.7852,2.5908,0.5672,0.9953,0.7852,0.9953,1.5849,1,0.8808,0
단일,0,0.40,416.1,frame_0008,0.8357,0,0,0.6209,3.3421,0.3021,0.6403,0.6209,0.6403,1.1694,1,0.8357,0
단일,0,0.40,398.5,frame_0009,0.9026,0,0,1.215,1.3108,0.2772,1.0388,1.215,1.0388,2.0662,1,0.9026,0
단일,0,0.40,376.8,frame_0010,0.8786,0,0,0.3769,5.7264,0.217,0.6793,0.3769,0.6793,0.9975,1,0.8786,0
단일,0,0.40,390.2,frame_0011,0.9898,0,0,0.306,2.8949,0.3586,0.5927,0.306,0.5927,0.8262,1,0.9898,0
단일,0,0.40,413.2,frame_0012,0.8919,0,0,0.9515,4.1045,0.6488,1.2305,0.9515,1.2305,2.2255,1,0.8919,0
단일,0,0.40,389.8,frame_0013,0.8818,0,0,0.3047,2.0231,0.555,0.4919,0.3047,0.4919,0.7207,1,0.8818,0
단일,0,0.40,395.9,frame_0014,0.902,0,1,0.8457,2.8673,0.1271,0.5172,0.8457,0.5172,1.3887,1,0.902,0
단일,0,0.40,411.0,frame_0015,0.964,0,0,0.1284,1.0439,0.272,0.6205,0.1284,0.6205,0.6391,1,0.964,0
단일,0,0.40,411.4,frame_0016,0.982,0,0,0.3752,3.2869,0.3674,0.6349,0.3752,0.6349,0.7971,1,0.982,0
단일,0,0.40,407.9,frame_0017,0.8485,0,0,0.6259,2.2576,0.4623,0.6832,0.6259,0.6832,1.2788,1,0.8485,0
단일,0,0.40,391.3,frame_0018,0.8574,0,0,0.3114,0.829,0.4615,0.9237,0.3114,0.9237,1.0228,1,0.8574,0
단일,0,0.40,422.4,frame_0019,0.855,0,0,0.5291,1.9692,0.2135,0.9954,0.5291,0.9954,1.3177,1,0.855,0
단일,0,0.40,399.0,frame_0020,0.8381,0,0,0.6005,2.8011,0.4745,0.5537,0.6005,0.5537,1.0565,1,0.8381,0
단일,0,0.40,374.7,frame_0021,0.9048,0,1,0.606,2.8979,0.8214,1.144,0.606,1.144,1.4623,1,0.9048,0
단일,0,0.40,378.8,frame_0022,0.8539,0,0,0.5951,2.7313,0.3195,0.4964,0.5951,0.4964,1.0389,1,0.8539,0
단일,0,0.40,423.6,frame_0023,0.9883,0,0,0.7696,3.3913,0.4384,0.8231,0.7696,0.8231,1.59,1,0.9883,0
단일,0,0.40,402.3,frame_0024,0.9903,0,0,0.4211,4.9726,0.3487,0.6217,0.4211,0.6217,0.9951,1,0.9903,0
단일,0,0.40,418.6,frame_0025,0.9844,0,0,0.549,0.786,0.2871,0.9845,0.549,0.9845,1.4811,1,0.9844,0
단일,0,0.40,393.4,frame_0026,0.857,0,0,0.7788,2.0445,0.4421,0.4625,0.7788,0.4625,1.2534,1,0.857,0
단일,0,0.40,379.4,frame_0027,0.8554,0,1,0.21,1.2193,0.5378,0.7269,0.21,0.7269,0.8693,1,0.8554,0
단일,0,0.40,403.4,frame_0028,0.9692,0,0,0.6885,2.3767,0.2233,0.5766,0.6885,0.5766,1.1068,1,0.9692,0
단일,0,0.40,400.0,frame_0029,0.8122,0,0,0.6968,2.2978,0.2134,0.8783,0.6968,0.8783,1.4088,1,0.8122,0
단일,0,0.40,406.4,frame_0030,0.8609,0,0,0.4144,3.2695,0.2729,1.3895,0.4144,1.3895,1.6669,1,0.8609,0
단일,0,0.40,424.6,frame_0031,0.8517,0,0,0.9481,0.7387,0.2241,1.024,0.9481,1.024,1.7544,1,0.8517,0
단일,0,0.40,378.9,frame_0032,0.0,1,0,89.7141,329.0697,85.9391,305.9036,89.7141,305.9036,294.1747,0,0.9816,0
단일,0,0.40,394.2,frame_0033,0.0,1,0,1.4274,6.3927,0.4898,0.8393,1.4274,0.8393,2.0633,1,0.8488,0
단일,0,0.40,377.1,frame_0034,0.8834,0,1,1.3407,2.0473,0.3066,0.6355,1.3407,0.6355,2.1061,1,0.8834,0
단일,0,0.40,376.2,frame_0035,0.8672,0,1,0.622,1.8148,0.43,1.0764,0.622,1.0764,1.3551,1,0.8672,0
단일,0,0.40,429.4,frame_0036,0.8121,0,0,0.3241,3.6755,0.2671,0.3729,0.3241,0.3729,0.6407,1,0.8121,0
단일,0,0.40,385.0,frame_0037,0.9906,0,0,0.8915,4.2516,0.4474,0.3936,0.8915,0.3936,1.4186,1,0.9906,0
단일,0,0.40,385.5,frame_0038,0.8861,0,1,0.6491,2.1653,0.3954,1.428,0.6491,1.428,1.763,1,0.8861,0
단일,0,0.40,414.0,frame_0039,0.9871,0,0,0.3608,1.2869,0.5176,0.9612,0.3608,0.9612,1.1613,1,0.9871,0
단일,0,0.40,408.4,frame_0040,0.8948,0,1,0.6974,3.1158,0.4732,0.9386,0.6974,0.9386,1.3528,1,0.8948,0
단일,0,0.40,426.7,frame_0041,0.9545,0,0,0.6379,3.4225,0.4881,0.2838,0.6379,0.2838,0.9773,1,0.9545,0
단일,0,0.40,406.6,frame_0042,0.8252,0,0,0.1831,2.7772,0.466,0.5093,0.1831,0.5093,0.5946,1,0.8252,0
단일,0,0.40,429.9,frame_0043,0.8673,0,0,0.3568,0.9997,0.4948,0.7679,0.3568,0.7679,0.9681,1,0.8673,0
단일,0,0.40,427.1,frame_0044,0.8785,0,0,0.4932,4.0265,0.4662,0.7088,0.4932,0.7088,1.2329,1,0.8785,0
단일,0,0.40,403.2,frame_0045,0.8036,0,0,0.3937,2.3558,0.2863,0.7019,0.3937,0.7019,0.919,1,0.8036,0
단일,0,0.40,414.8,frame_0046,0.8084,0,0,0.5271,2.2071,0.2803,0.7263,0.5271,0.7263,1.0003,1,0.8084,0
단일,0,0.40,387.1,frame_0047,0.9902,0,0,0.1881,1.2726,0.624,0.7625,0.1881,0.7625,0.7617,1,0.9902,0
단일,0,0.40,418.5,frame_0048,0.8759,0,1,0.8166,3.9755,0.167,0.4639,0.8166,0.4639,1.3963,1,0.8759,0
단일,0,0.40,422.9,frame_0049,0.8166,0,0,0.7751,2.41,0.427,0.8761,0.7751,0.8761,1.6997,1,0.8166,0
단일,0,0.40,421.2,frame_0050,0.8396,0,0,0.3584,1.4161,0.4734,0.9142,0.3584,0.9142,1.0115,1,0.8396,0
단일,0,0.40,389.4,frame_0051,0.0,1,0,0.6665,3.4673,0.3834,1.1403,0.6665,1.1403,1.7736,1,0.8529,0
단일,0,0.40,372.0,frame_0052,0.8438,0,0,0.506,2.6745,0.2047,0.6549,0.506,0.6549,1.1796,1,0.8438,0
단일,0,0.40,375.5,frame_0053,0.0,1,0,0.4912,8.4498,0.6393,0.4887,0.4912,0.4887,0.8528,1,0.8944,0
단일,0,0.40,394.1,frame_0054,0.8707,0,0,0.3398,1.4743,0.6106,1.3052,0.3398,1.3052,1.4889,1,0.8707,0
단일,0,0.40,386.0,frame_0055,0.9767,0,0,1.1181,4.7437,0.207,0.6718,1.1181,0.6718,1.7498,1,0.9767,0
단일,0,0.40,412.0,frame_0056,0.9893,0,0,0.3545,2.2353,0.6621,0.5652,0.3545,0.5652,0.8499,1,0.9893,0
단일,0,0.40,398.4,frame_0057,0.0,1,0,0.4639,4.6095,0.583,0.9742,0.4639,0.9742,1.0981,1,0.7631,0
단일,0,0.40,383.4,frame_0058,0.8317,0,1,0.598,1.3085,0.5185,0.8291,0.598,0.8291,1.1915,1,0.8317,0
단일,0,0.40,403.5,frame_0059,0.9666,0,0,0.3338,1.7165,0.2882,0.5429,0.3338,0.5429,0.7498,1,0.9666,0
단일,0,0.40,387.5,frame_0060,0.8489,0,0,0.4957,3.1662,0.3362,1.0087,0.4957,1.0087,1.1702,1,0.8489,0
단일,0,0.40,401.7,frame_0061,0.959,0,0,0.4858,4.1951,0.3243,0.4867,0.4858,0.4867,0.9346,1,0.959,0
단일,0,0.40,406.6,frame_0062,0.8186,0,0,0.5052,0.7212,0.2146,0.7659,0.5052,0.7659,1.0959,1,0.8186,0
단일,0,0.40,406.1,frame_0063,0.8735,0,0,0.3145,2.1263,0.6141,1.5415,0.3145,1.5415,1.5931,1,0.8735,0
단일,0,0.40,416.2,frame_0064,0.7904,0,0,0.6007,4.0104,1.0479,0.8372,0.6007,0.8372,1.2254,1,0.7904,0
단일,0,0.40,423.5,frame_0065,0.9893,0,0,0.4649,3.238,0.3318,1.0609,0.4649,1.0609,1.3919,1,0.9893,0
단일,0,0.40,420.3,frame_0066,0.833,0,0,0.284,1.8014,0.5093,0.4424,0.284,0.4424,0.6105,1,0.833,0
단일,0,0.40,410.6,frame_0067,0.9907,0,0,0.235,2.1665,0.5342,0.7153,0.235,0.7153,0.7378,1,0.9907,0
단일,0,0.40,375.0,frame_0068,0.8705,0,1,0.81,3.1911,0.2282,0.5688,0.81,0.5688,1.3833,1,0.8705,0
단일,0,0.40,384.7,frame_0069,0.8414,0,1,1.0671,6.8262,0.8103,0.7196,1.0671,0.7196,1.7094,1,0.8414,0
단일,0,0.40,388.2,frame_0070,0.8792,0,1,1.35,4.8695,0.7863,1.7095,1.35,1.7095,2.6415,1,0.8792,0
단일,0,0.40,421.8,frame_0071,0.902,0,0,0.2918,2.3235,0.527,0.5432,0.2918,0.5432,0.7518,1,0.902,0
단일,0,0.40,416.6,frame_0072,0.7851,0,0,0.317,2.1344,0.5569,1.0777,0.317,1.0777,1.2836,1,0.7851,0
단일,0,0.40,394.2,frame_0073,0.8815,0,1,1.4654,2.447,0.2811,0.7301,1.4654,0.7301,2.258,1,0.8815,0
단일,0,0.40,377.0,frame_0074,0.8883,0,0,0.8507,3.8481,0.1755,0.7488,0.8507,0.7488,1.4804,1,0.8883,0
단일,0,0.40,402.4,frame_0075,0.8871,0,0,0.5963,2.4064,0.3638,0.6325,0.5963,0.6325,1.1499,1,0.8871,0
단일,0,0.40,388.5,frame_0076,0.8406,0,0,0.9173,2.4775,0.4554,0.4617,0.9173,0.4617,1.4249,1,0.8406,0
단일,0,0.40,425.4,frame_0077,0.8343,0,0,0.3679,3.2652,0.3621,0.6545,0.3679,0.6545,0.8184,1,0.8343,0
단일,0,0.40,376.7,frame_0078,0.9908,0,0,0.344,0.7158,0.2955,0.7267,0.344,0.7267,0.8589,1,0.9908,0
단일,0,0.40,420.0,frame_0079,0.8814,0,0,0.7454,2.4574,0.1014,0.6961,0.7454,0.6961,1.4794,1,0.8814,0
단일,0,0.45,441.3,frame_0000,0.8285,0,0,0.4026,3.3117,0.4099,0.7981,0.4026,0.7981,1.1892,1,0.8285,0
단일,0,0.45,420.3,frame_0001,0.9611,0,0,0.5498,2.7026,0.1921,0.4034,0.5498,0.4034,0.9098,1,0.9611,0
단일,0,0.45,461.5,frame_0002,0.9892,0,0,0.4386,1.1645,0.141,1.0555,0.4386,1.0555,1.4476,1,0.9892,0
단일,0,0.45,440.3,frame_0003,0.8267,0,0,1.5017,3.3457,0.6029,0.8834,1.5017,0.8834,2.3797,1,0.8267,0
단일,0,0.45,442.0,frame_0004,0.8239,0,0,0.9386,3.5007,0.5908,0.874,0.9386,0.874,1.7312,1,0.8239,0
단일,0,0.45,479.5,frame_0005,0.8798,0,0,0.5932,4.09,0.3067,0.9266,0.5932,0.9266,1.2198,1,0.8798,0
단일,0,0.45,420.7,frame_0006,0.4545,1,0,0.5113,1.5198,0.3972,0.6121,0.5113,0.6121,0.957,1,0.7772,0
단일,0,0.45,453.3,frame_0007,0.8803,0,0,1.3182,4.5561,0.5333,1.2,1.3182,1.2,2.2415,1,0.8803,0
단일,0,0.45,466.1,frame_0008,0.8391,0,0,0.4218,2.1814,0.2502,0.8648,0.4218,0.8648,1.2231,1,0.8391,0
단일,0,0.45,448.5,frame_0009,0.9215,0,0,0.9445,1.6286,0.3835,1.0743,0.9445,1.0743,1.8898,1,0.9215,0
단일,0,0.45,426.8,frame_0010,0.8506,0,0,0.3523,2.6104,0.2181,0.5973,0.3523,0.5973,0.8094,1,0.8506,0
단일,0,0.45,440.2,frame_0011,0.9855,0,0,0.2451,3.3777,0.2402,0.4927,0.2451,0.4927,0.5638,1,0.9855,0
단일,0,0.45,463.2,frame_0012,0.8885,0,0,0.4333,3.868,0.7216,1.6182,0.4333,1.6182,1.952,1,0.8885,0
단일,0,0.45,439.8,frame_0013,0.9442,0,0,0.6379,2.3919,0.5798,0.5847,0.6379,0.5847,1.2783,1,0.9442,0
단일,0,0.45,445.9,frame_0014,0.9054,0,0,0.33,2.2984,0.2973,0.5516,0.33,0.5516,0.7118,1,0.9054,0
단일,0,0.45,461.0,frame_0015,0.9802,0,0,0.2799,2.3104,0.4323,0.6988,0.2799,0.6988,0.7843,1,0.9802,0
단일,0,0.45,461.4,frame_0016,0.9691,0,0,0.6423,1.6048,0.4565,0.7008,0.6423,0.7008,1.2128,1,0.9691,0
단일,0,0.45,457.9,frame_0017,0.8502,0,0,0.635,2.1183,0.3656,0.7781,0.635,0.7781,1.249,1,0.8502,0
단일,0,0.45,441.3,frame_0018,0.8469,0,0,0.0616,1.3219,0.3813,1.1726,0.0616,1.1726,1.1434,1,0.8469,0
단일,0,0.45,472.4,frame_0019,0.8561,0,0,0.9333,3.6556,0.2417,0.6912,0.9333,0.6912,1.5708,1,0.8561,0
단일,0,0.45,449.0,frame_0020,0.8381,0,0,0.7163,3.5354,0.5983,0.7558,0.7163,0.7558,1.3725,1,0.8381,0
단일,0,0.45,424.7,frame_0021,0.9479,0,0,0.2093,0.2441,0.6875,1.1147,0.2093,1.1147,1.1852,1,0.9479,0
단일,0,0.45,428.8,frame_0022,0.8454,0,0,0.8273,2.2806,0.076,0.8632,0.8273,0.8632,1.5274,1,0.8454,0
단일,0,0.45,473.6,frame_0023,0.982,0,0,1.0359,3.6975,0.3082,1.2521,1.0359,1.2521,2.2327,1,0.982,0
단일,0,0.45,452.3,frame_0024,0.9902,0,0,1.069,2.7569,0.5862,0.8649,1.069,0.8649,1.9154,1,0.9902,0
단일,0,0.45,468.6,frame_0025,0.9874,0,0,0.5264,0.9531,0.5183,1.0943,0.5264,1.0943,1.5292,1,0.9874,0
단일,0,0.45,443.4,frame_0026,0.7932,0,0,0.2516,2.5593,0.6276,0.5283,0.2516,0.5283,0.5964,1,0.7932,0
단일,0,0.45,429.4,frame_0027,0.8833,0,0,0.4312,0.9623,0.5669,0.8865,0.4312,0.8865,1.1815,1,0.8833,0
단일,0,0.45,453.4,frame_0028,0.9107,0,0,0.7552,3.7605,0.2748,0.9324,0.7552,0.9324,1.4867,1,0.9107,0
단일,0,0.45,450.0,frame_0029,0.82,0,0,0.4617,3.9042,0.2695,1.151,0.4617,1.151,1.2509,1,0.82,0
단일,0,0.45,456.4,frame_0030,0.8643,0,0,0.5531,3.4477,0.534,1.5864,0.5531,1.5864,1.6666,1,0.8643,0
단일,0,0.45,474.6,frame_0031,0.8595,0,0,0.5334,1.2601,0.3153,1.2712,0.5334,1.2712,1.6009,1,0.8595,0
단일,0,0.45,428.9,frame_0032,0.9036,0,0,0.2025,2.7841,0.4951,0.3581,0.2025,0.3581,0.4751,1,0.9036,0
단일,0,0.45,444.2,frame_0033,0.0,1,0,0.9597,3.0788,0.3961,1.1092,0.9597,1.1092,2.0423,1,0.8392,0
단일,0,0.45,427.1,frame_0034,0.8742,0,0,0.6165,1.4039,0.4245,1.1708,0.6165,1.1708,1.5059,1,0.8742,0
단일,0,0.45,426.2,frame_0035,0.8739,0,1,0.6945,1.9105,0.3111,2.6106,0.6945,2.6106,2.8114,1,0.8739,0
단일,0,0.45,479.4,frame_0036,0.819,0,0,0.7208,3.3949,0.1326,1.1047,0.7208,1.1047,1.8088,1,0.819,0
단일,0,0.45,435.0,frame_0037,0.9906,0,0,1.1934,3.9618,0.6334,0.5907,1.1934,0.5907,2.0013,1,0.9906,0
단일,0,0.45,435.5,frame_0038,0.8904,0,1,0.7094,4.0298,0.2895,1.664,0.7094,1.664,2.1492,1,0.8904,0
단일,0,0.45,464.0,frame_0039,0.9883,0,0,0.1182,1.6983,0.531,0.9857,0.1182,0.9857,0.9461,1,0.9883,0
단일,0,0.45,458.4,frame_0040,0.9337,0,0,0.6059,3.1563,0.4861,1.6523,0.6059,1.6523,1.9066,1,0.9337,0
단일,0,0.45,476.7,frame_0041,0.9224,0,0,0.725,3.8322,0.6571,0.7916,0.725,0.7916,1.3087,1,0.9224,0
단일,0,0.45,456.6,frame_0042,0.8259,0,0,0.3992,2.8145,0.2784,1.1454,0.3992,1.1454,1.3255,1,0.8259,0
단일,0,0.45,479.9,frame_0043,0.8435,0,0,0.2861,2.4344,0.3088,1.1955,0.2861,1.1955,1.3175,1,0.8435,0
단일,0,0.45,477.1,frame_0044,0.9257,0,0,0.3306,1.8925,0.5034,0.897,0.3306,0.897,1.1381,1,0.9257,0
단일,0,0.45,453.2,frame_0045,0.8002,0,0,0.2938,2.4849,0.5703,1.1626,0.2938,1.1626,1.1521,1,0.8002,0
단일,0,0.45,464.8,frame_0046,0.8093,0,0,0.5139,3.7975,0.3818,0.7151,0.5139,0.7151,1.0076,1,0.8093,0
단일,0,0.45,437.1,frame_0047,0.9589,0,0,0.532,1.9242,0.5729,0.8232,0.532,0.8232,1.3126,1,0.9589,0
단일,0,0.45,468.5,frame_0048,0.8768,0,0,0.4611,2.6312,0.5072,0.7992,0.4611,0.7992,1.1314,1,0.8768,0
단일,0,0.45,472.9,frame_0049,0.0,1,0,91.2656,551.1773,102.0973,551.0543,91.2656,551.0543,551.5116,0,0.8194,0
단일,0,0.45,471.2,frame_0050,0.8429,0,0,0.933,2.2842,0.2412,1.1072,0.933,1.1072,1.7775,1,0.8429,0
단일,0,0.45,439.4,frame_0051,0.0001,1,0,0.6584,2.4045,0.3663,0.696,0.6584,0.696,1.2071,1,0.8194,0
단일,0,0.45,422.0,frame_0052,0.8421,0,0,0.5713,3.0009,0.2907,1.1792,0.5713,1.1792,1.7442,1,0.8421,0
단일,0,0.45,425.5,frame_0053,0.0,1,0,0.6694,5.3188,0.2138,0.5683,0.6694,0.5683,1.1315,1,0.8634,0
단일,0,0.45,444.1,frame_0054,0.8712,0,0,0.353,3.3594,0.7007,0.9322,0.353,0.9322,1.0881,1,0.8712,0
단일,0,0.45,436.0,frame_0055,0.8841,0,0,0.4938,2.3687,0.386,0.8038,0.4938,0.8038,1.1019,1,0.8841,0
단일,0,0.45,462.0,frame_0056,0.9897,0,0,0.4734,1.296,0.8029,0.9242,0.4734,0.9242,1.1486,1,0.9897,0
단일,0,0.45,448.4,frame_0057,0.7643,0,0,0.3722,4.0005,0.6268,1.7158,0.3722,1.7158,1.6959,1,0.7643,0
단일,0,0.45,433.4,frame_0058,0.8347,0,0,0.6332,0.8976,0.3025,1.0742,0.6332,1.0742,1.4935,1,0.8347,0
단일,0,0.45,453.5,frame_0059,0.9027,0,0,0.2109,1.1235,0.2673,0.7179,0.2109,0.7179,0.7147,1,0.9027,0
단일,0,0.45,437.5,frame_0060,0.8365,0,0,0.374,3.6256,0.3351,1.3287,0.374,1.3287,1.4099,1,0.8365,0
단일,0,0.45,451.7,frame_0061,0.9628,0,0,0.8245,4.2396,0.4836,0.9526,0.8245,0.9526,1.7612,1,0.9628,0
단일,0,0.45,456.6,frame_0062,0.8096,0,0,0.4193,1.4819,0.2219,0.7708,0.4193,0.7708,1.0786,1,0.8096,0
단일,0,0.45,456.1,frame_0063,0.8694,0,0,0.4787,2.4901,0.4946,1.4213,0.4787,1.4213,1.8452,1,0.8694,0
단일,0,0.45,466.2,frame_0064,0.8038,0,0,0.5574,3.3652,0.9292,1.1081,0.5574,1.1081,1.4215,1,0.0,1
단일,0,0.45,473.5,frame_0065,0.9883,0,0,0.2649,1.658,0.2374,1.206,0.2649,1.206,1.4012,1,0.9883,0
단일,0,0.45,470.3,frame_0066,0.8935,0,0,0.3045,0.8316,0.3487,0.9428,0.3045,0.9428,1.1479,1,0.8935,0
단일,0,0.45,460.6,frame_0067,0.99,0,0,0.302,2.8735,0.5295,0.867,0.302,0.867,0.9038,1,0.99,0
단일,0,0.45,425.0,frame_0068,0.8718,0,0,0.2899,2.7156,0.3984,0.793,0.2899,0.793,0.8622,1,0.8718,0
단일,0,0.45,434.7,frame_0069,0.85,0,0,1.0063,5.0163,0.6216,0.8333,1.0063,0.8333,1.6601,1,0.85,0
단일,0,0.45,438.2,frame_0070,0.8903,0,0,0.5509,1.7723,0.7772,1.2434,0.5509,1.2434,1.3804,1,0.8903,0
단일,0,0.45,471.8,frame_0071,0.9324,0,0,0.3837,2.1158,0.4317,0.9012,0.3837,0.9012,1.0808,1,0.9324,0
단일,0,0.45,466.6,frame_0072,0.8288,0,0,0.4696,4.6121,0.332,0.98,0.4696,0.98,1.3424,1,0.8288,0
단일,0,0.45,465.6,frame_0073,0.8554,0,0,0.6011,3.3146,0.2494,0.9517,0.6011,0.9517,1.2811,1,0.8554,0
단일,0,0.45,440.9,frame_0074,0.8465,0,0,0.654,1.748,0.2287,0.9134,0.654,0.9134,1.2952,1,0.8465,0
단일,0,0.45,438.5,frame_0075,0.8434,0,0,0.7242,2.971,0.4694,0.8496,0.7242,0.8496,1.2592,1,0.8434,0
단일,0,0.45,475.4,frame_0076,0.8454,0,0,0.4304,3.3983,0.3944,0.8662,0.4304,0.8662,1.1309,1,0.8454,0
단일,0,0.45,426.7,frame_0077,0.9907,0,0,0.351,1.3069,0.443,0.965,0.351,0.965,1.0721,1,0.9907,0
단일,0,0.45,470.0,frame_0078,0.8823,0,0,0.5151,2.2799,0.1775,0.9279,0.5151,0.9279,1.3388,1,0.8823,0
단일,0,0.45,441.1,frame_0079,0.9351,0,0,0.8731,4.7729,0.2959,0.6527,0.8731,0.6527,1.507,1,0.9351,0
단일,0,0.50,491.3,frame_0000,0.8293,0,0,0.2442,3.0556,0.3297,1.1892,0.2442,1.1892,1.3668,1,0.8293,0
단일,0,0.50,470.3,frame_0001,0.9158,0,0,0.5307,2.3837,0.2786,0.6869,0.5307,0.6869,1.0519,1,0.9158,0
단일,0,0.50,511.5,frame_0002,0.9889,0,0,0.3581,1.5444,0.5767,1.2702,0.3581,1.2702,1.5985,1,0.9889,0
단일,0,0.50,490.3,frame_0003,0.8781,0,0,1.1583,2.8571,0.621,0.7392,1.1583,0.7392,1.8829,1,0.8781,0
단일,0,0.50,492.0,frame_0004,0.8268,0,0,0.4535,2.2198,0.4027,1.3095,0.4535,1.3095,1.3878,1,0.8268,0
단일,0,0.50,529.5,frame_0005,0.8847,0,0,0.4956,1.7552,0.2664,2.4187,0.4956,2.4187,2.432,1,0.8847,0
단일,0,0.50,470.7,frame_0006,0.7874,0,0,0.5716,3.402,0.4528,0.696,0.5716,0.696,1.0708,1,0.7874,0
단일,0,0.50,503.3,frame_0007,0.8811,0,0,1.0261,4.028,0.7393,1.9168,1.0261,1.9168,2.2888,1,0.8811,0
단일,0,0.50,516.1,frame_0008,0.9394,0,0,0.3491,1.8369,0.3447,0.8517,0.3491,0.8517,0.9811,1,0.9394,0
단일,0,0.50,498.5,frame_0009,0.9135,0,0,0.7435,1.5607,0.2569,1.32,0.7435,1.32,1.8029,1,0.9135,0
단일,0,0.50,476.8,frame_0010,0.8424,0,0,0.3856,3.6938,0.1602,0.9123,0.3856,0.9123,1.0565,1,0.8424,0
단일,0,0.50,490.2,frame_0011,0.9751,0,0,0.3119,3.2153,0.2417,0.6523,0.3119,0.6523,0.7616,1,0.9751,0
단일,0,0.50,513.2,frame_0012,0.889,0,0,0.4312,4.0748,0.6311,1.5009,0.4312,1.5009,1.7165,1,0.889,0
단일,0,0.50,489.8,frame_0013,0.975,0,0,0.619,3.0323,0.5563,1.0923,0.619,1.0923,1.6628,1,0.975,0
단일,0,0.50,495.9,frame_0014,0.9214,0,0,0.4211,1.7466,0.3067,1.0997,0.4211,1.0997,1.2057,1,0.9214,0
단일,0,0.50,511.0,frame_0015,0.9883,0,0,0.1258,1.5802,0.5644,1.346,0.1258,1.346,1.3166,1,0.9883,0
단일,0,0.50,511.4,frame_0016,0.971,0,0,0.4544,1.5012,0.7811,1.3069,0.4544,1.3069,1.6181,1,0.971,0
단일,0,0.50,507.9,frame_0017,0.8506,0,0,0.6368,2.1501,0.2429,1.3828,0.6368,1.3828,1.6663,1,0.8506,0
단일,0,0.50,491.3,frame_0018,0.9714,0,0,0.3447,1.8533,0.4876,1.1127,0.3447,1.1127,1.1913,1,0.9714,0
단일,0,0.50,522.4,frame_0019,0.8634,0,0,0.1944,1.4253,0.3495,1.5242,0.1944,1.5242,1.5676,1,0.8634,0
단일,0,0.50,499.0,frame_0020,0.8399,0,0,0.8221,3.3158,0.7367,0.6663,0.8221,0.6663,1.4779,1,0.8399,0
단일,0,0.50,474.7,frame_0021,0.9652,0,0,0.1957,0.6723,0.4777,1.3371,0.1957,1.3371,1.3271,1,0.9652,0
단일,0,0.50,478.8,frame_0022,0.8454,0,0,0.5996,2.354,0.3357,0.9177,0.5996,0.9177,1.3589,1,0.8454,0
단일,0,0.50,523.6,frame_0023,0.9606,0,0,0.6728,3.3451,0.3431,1.1954,0.6728,1.1954,1.7636,1,0.9606,0
단일,0,0.50,502.3,frame_0024,0.9901,0,0,0.7551,3.8728,0.2698,1.248,0.7551,1.248,1.8304,1,0.9901,0
단일,0,0.50,518.6,frame_0025,0.9707,0,0,0.5314,0.4433,0.5387,1.1882,0.5314,1.1882,1.5003,1,0.9707,0
단일,0,0.50,493.4,frame_0026,0.7994,0,0,0.1757,3.1704,0.3861,0.7641,0.1757,0.7641,0.7708,1,0.7994,0
단일,0,0.50,479.4,frame_0027,0.9075,0,0,0.1676,0.7684,0.7575,1.4595,0.1676,1.4595,1.4683,1,0.9075,0
단일,0,0.50,503.4,frame_0028,0.9514,0,0,0.4926,3.4608,0.2195,1.6756,0.4926,1.6756,1.823,1,0.9514,0
단일,0,0.50,500.0,frame_0029,0.8246,0,0,0.5559,5.1245,0.4243,1.4945,0.5559,1.4945,1.5692,1,0.8246,0
단일,0,0.50,506.4,frame_0030,0.8665,0,0,0.4199,2.7345,0.4711,2.2689,0.4199,2.2689,2.1686,1,0.8665,0
단일,0,0.50,524.6,frame_0031,0.9169,0,0,0.3192,1.4721,0.2112,1.8234,0.3192,1.8234,1.9021,1,0.9169,0
단일,0,0.50,478.9,frame_0032,0.8797,0,0,0.66,1.6902,0.4949,0.9754,0.66,0.9754,1.5788,1,0.8797,0
단일,0,0.50,494.2,frame_0033,0.8393,0,0,0.6133,2.0043,0.2529,1.3656,0.6133,1.3656,1.7469,1,0.8393,0
단일,0,0.50,477.1,frame_0034,0.876,0,0,0.3274,1.3371,0.104,1.5919,0.3274,1.5919,1.6889,1,0.876,0
단일,0,0.50,476.2,frame_0035,0.8917,0,1,0.7768,3.14,0.6716,2.5162,0.7768,2.5162,2.6564,1,0.8917,0
단일,0,0.50,505.2,frame_0036,0.8665,0,0,0.6684,1.7393,0.3223,2.0151,0.6684,2.0151,2.1768,1,0.8665,0
단일,0,0.50,525.4,frame_0037,0.8787,0,0,0.4886,3.2063,0.3436,1.1819,0.4886,1.1819,1.3452,1,0.8787,0
단일,0,0.50,493.6,frame_0038,0.9784,0,0,0.5992,3.8048,0.4543,0.8253,0.5992,0.8253,1.2881,1,0.9784,0
단일,0,0.50,488.1,frame_0039,0.9875,0,0,0.5066,3.1607,0.5725,0.6768,0.5066,0.6768,1.0648,1,0.9875,0
단일,0,0.50,486.5,frame_0040,0.8744,0,0,0.7544,2.2721,0.4872,1.5985,0.7544,1.5985,2.173,1,0.8744,0
단일,0,0.50,509.3,frame_0041,0.9151,0,0,0.2894,2.2752,0.6604,1.2692,0.2894,1.2692,1.2144,1,0.9151,0
단일,0,0.50,527.9,frame_0042,0.9897,0,0,1.0201,3.8913,0.5534,1.655,1.0201,1.655,2.4614,1,0.9897,0
단일,0,0.50,476.4,frame_0043,0.0,1,0,1.0681,5.0573,0.2157,1.0127,1.0681,1.0127,1.9391,1,0.959,0
단일,0,0.50,471.7,frame_0044,0.8979,0,0,0.235,1.7046,0.2768,1.7488,0.235,1.7488,1.7035,1,0.8979,0
단일,0,0.50,498.3,frame_0045,0.8855,0,0,0.6316,2.9131,0.3421,1.1699,0.6316,1.1699,1.5177,1,0.8855,0
단일,0,0.50,525.2,frame_0046,0.9897,0,0,0.1656,3.5327,0.3011,1.5443,0.1656,1.5443,1.5252,1,0.9897,0
단일,0,0.50,512.5,frame_0047,0.8714,0,0,0.6384,2.9686,0.2064,1.9913,0.6384,1.9913,2.4871,1,0.8714,0
단일,0,0.50,505.5,frame_0048,0.8487,0,0,0.5585,1.9617,0.2419,1.0879,0.5585,1.0879,1.4187,1,0.8487,0
단일,0,0.50,502.8,frame_0049,0.8711,0,0,0.6034,2.2068,0.2857,1.5572,0.6034,1.5572,1.7904,1,0.8711,0
단일,0,0.50,491.0,frame_0050,0.8796,0,0,0.9557,2.8083,0.3181,0.9049,0.9557,0.9049,1.7054,1,0.8796,0
단일,0,0.50,484.4,frame_0051,0.0,1,0,2.3312,6.2273,0.5239,1.1976,2.3312,1.1976,3.6918,1,0.825,0
단일,0,0.50,506.2,frame_0052,0.9705,0,0,0.4984,3.0739,0.2087,1.805,0.4984,1.805,1.8077,1,0.9705,0
단일,0,0.50,504.8,frame_0053,0.909,0,0,0.4697,1.5387,0.4237,1.2558,0.4697,1.2558,1.4471,1,0.909,0
단일,0,0.50,498.4,frame_0054,0.7697,0,0,0.3519,3.538,0.4795,2.4477,0.3519,2.4477,2.288,1,0.7697,0
단일,0,0.50,483.4,frame_0055,0.8292,0,0,0.2882,2.8921,0.1817,0.9291,0.2882,0.9291,1.0763,1,0.8292,0
단일,0,0.50,503.5,frame_0056,0.8407,0,0,0.2972,1.5206,0.3522,0.9277,0.2972,0.9277,1.0263,1,0.8407,0
단일,0,0.50,487.5,frame_0057,0.8405,0,0,0.5443,3.324,0.2757,1.1313,0.5443,1.1313,1.4105,1,0.8405,0
단일,0,0.50,501.7,frame_0058,0.8584,0,0,0.137,2.5342,0.4482,1.2456,0.137,1.2456,1.3485,1,0.8584,0
단일,0,0.50,506.6,frame_0059,0.8121,0,0,0.5128,0.9467,0.4219,1.1358,0.5128,1.1358,1.5708,1,0.8121,0
단일,0,0.50,506.1,frame_0060,0.8929,0,0,0.2722,1.0482,0.5577,2.1976,0.2722,2.1976,2.2618,1,0.8929,0
단일,0,0.50,516.2,frame_0061,0.7976,0,0,0.4447,0.7336,0.767,1.2852,0.4447,1.2852,1.5392,1,0.0,1
단일,0,0.50,523.5,frame_0062,0.9885,0,0,0.6189,0.9639,0.4449,1.5804,0.6189,1.5804,2.028,1,0.9885,0
단일,0,0.50,520.3,frame_0063,0.8953,0,0,0.2482,1.4804,0.4247,1.3588,0.2482,1.3588,1.3431,1,0.8953,0
단일,0,0.50,510.6,frame_0064,0.9898,0,0,0.1178,3.1028,0.3698,0.9469,0.1178,0.9469,0.8975,1,0.9898,0
단일,0,0.50,475.0,frame_0065,0.8773,0,0,0.6791,3.1227,0.2137,1.2756,0.6791,1.2756,1.4913,1,0.8773,0
단일,0,0.50,484.7,frame_0066,0.8552,0,0,0.969,3.9026,0.5631,1.4023,0.969,1.4023,1.9026,1,0.8552,0
단일,0,0.50,488.2,frame_0067,0.9053,0,0,0.5471,1.4283,0.7691,1.8764,0.5471,1.8764,1.9816,1,0.9053,0
단일,0,0.50,521.8,frame_0068,0.9372,0,0,0.2605,1.8372,0.5451,1.1498,0.2605,1.1498,1.2938,1,0.9372,0
단일,0,0.50,516.6,frame_0069,0.8296,0,0,0.7324,3.1403,0.2349,1.5186,0.7324,1.5186,2.0045,1,0.8296,0
단일,0,0.50,515.6,frame_0070,0.8574,0,0,0.5749,2.5397,0.0927,0.9416,0.5749,0.9416,1.2478,1,0.8574,0
단일,0,0.50,490.9,frame_0071,0.8428,0,0,0.857,2.0139,0.4866,1.1922,0.857,1.1922,1.7004,1,0.8428,0
단일,0,0.50,488.5,frame_0072,0.8447,0,0,0.5348,2.7545,0.6068,1.1941,0.5348,1.1941,1.363,1,0.8447,0
단일,0,0.50,525.4,frame_0073,0.8437,0,0,0.3734,3.151,0.3966,1.2265,0.3734,1.2265,1.347,1,0.8437,0
단일,0,0.50,476.7,frame_0074,0.9896,0,0,0.3761,1.3878,0.4993,1.4956,0.3761,1.4956,1.5172,1,0.9896,0
단일,0,0.50,520.0,frame_0075,0.8819,0,0,0.6563,2.3337,0.1404,1.4961,0.6563,1.4961,1.7036,1,0.8819,0
단일,0,0.50,491.1,frame_0076,0.8856,0,0,0.8281,3.6727,0.5093,0.768,0.8281,0.768,1.4712,1,0.8856,0
단일,0,0.50,480.7,frame_0077,0.9729,0,0,0.8188,2.02,0.5591,1.1109,0.8188,1.1109,1.725,1,0.9729,0
단일,0,0.50,499.4,frame_0078,0.9889,0,0,0.4738,2.3128,0.2888,0.9126,0.4738,0.9126,1.0856,1,0.9889,0
단일,0,0.50,477.3,frame_0079,0.9822,0,0,0.4979,2.1651,0.3631,1.3989,0.4979,1.3989,1.432,1,0.9822,0
단일,0,0.55,541.3,frame_0000,0.8351,0,0,0.4094,2.995,0.4434,1.4672,0.4094,1.4672,1.7606,1,0.8351,0
단일,0,0.55,520.3,frame_0001,0.9576,0,0,0.6899,2.5019,0.1874,1.0041,0.6899,1.0041,1.5229,1,0.9576,0
단일,0,0.55,561.5,frame_0002,0.9881,0,0,0.6475,1.6744,0.5578,1.9412,0.6475,1.9412,2.4383,1,0.9881,0
단일,0,0.55,540.3,frame_0003,0.8442,0,0,1.2157,4.5624,0.4866,1.2615,1.2157,1.2615,2.2234,1,0.8442,0
단일,0,0.55,542.0,frame_0004,0.8472,0,0,0.7386,1.3998,0.3519,1.287,0.7386,1.287,1.682,1,0.8472,0
단일,0,0.55,579.5,frame_0005,0.8851,0,0,0.4715,3.0468,0.1749,2.0299,0.4715,2.0299,2.171,1,0.8851,0
단일,0,0.55,520.7,frame_0006,0.7913,0,0,0.3732,2.7895,0.386,1.5454,0.3732,1.5454,1.5107,1,0.7913,0
단일,0,0.55,553.3,frame_0007,0.8824,0,0,0.7297,2.8394,0.797,2.5837,0.7297,2.5837,2.5491,1,0.8824,0
단일,0,0.55,566.1,frame_0008,0.8688,0,0,0.7475,2.3272,0.3868,1.5436,0.7475,1.5436,2.1704,1,0.8688,0
단일,0,0.55,548.5,frame_0009,0.9176,0,0,0.543,1.3302,0.2343,1.67,0.543,1.67,1.9508,1,0.9176,0
단일,0,0.55,526.8,frame_0010,0.84,0,0,0.6308,2.1903,0.5637,1.0568,0.6308,1.0568,1.564,1,0.84,0
단일,0,0.55,540.2,frame_0011,0.9538,0,0,0.2578,3.6388,0.1445,1.4939,0.2578,1.4939,1.5334,1,0.9538,0
단일,0,0.55,563.2,frame_0012,0.9011,0,0,0.2915,3.951,0.6538,1.7399,0.2915,1.7399,1.8895,1,0.9011,0
단일,0,0.55,539.8,frame_0013,0.9467,0,0,0.3807,2.5718,0.3722,1.9755,0.3807,1.9755,2.174,1,0.9467,0
단일,0,0.55,545.9,frame_0014,0.9517,0,0,1.1725,4.4451,0.3657,2.2665,1.1725,2.2665,2.8637,1,0.9517,0
단일,0,0.55,561.0,frame_0015,0.9876,0,0,0.3375,1.259,0.2807,1.9016,0.3375,1.9016,2.0986,1,0.9876,0
단일,0,0.55,561.4,frame_0016,0.9865,0,0,0.8127,1.7965,0.4714,1.9614,0.8127,1.9614,2.2894,1,0.9865,0
단일,0,0.55,557.9,frame_0017,0.8532,0,0,0.6271,1.7098,0.2422,1.819,0.6271,1.819,1.9026,1,0.8532,0
단일,0,0.55,541.3,frame_0018,0.9351,0,0,0.1308,1.6218,0.5481,1.4808,0.1308,1.4808,1.5199,1,0.9351,0
단일,0,0.55,572.4,frame_0019,0.871,0,0,0.4903,1.9536,0.2303,1.5243,0.4903,1.5243,1.9077,1,0.871,0
단일,0,0.55,549.0,frame_0020,0.8443,0,0,0.3116,2.2135,0.443,1.6389,0.3116,1.6389,1.6782,1,0.8443,0
단일,0,0.55,524.7,frame_0021,0.9637,0,0,0.3379,0.7159,0.433,1.509,0.3379,1.509,1.4471,1,0.9637,0
단일,0,0.55,528.8,frame_0022,0.8506,0,0,0.4542,2.5338,0.3485,1.4957,0.4542,1.4957,1.6639,1,0.8506,0
단일,0,0.55,573.6,frame_0023,0.9648,0,0,0.8444,3.529,0.4206,1.7982,0.8444,1.7982,2.4748,1,0.9648,0
단일,0,0.55,552.3,frame_0024,0.9901,0,0,1.0187,3.2938,0.5292,2.1132,1.0187,2.1132,2.8482,1,0.9901,0
단일,0,0.55,568.6,frame_0025,0.9591,0,0,0.6002,1.7523,0.3374,1.8189,0.6002,1.8189,2.3665,1,0.9591,0
단일,0,0.55,543.4,frame_0026,0.8059,0,0,0.413,3.6698,0.5586,1.1097,0.413,1.1097,1.3869,1,0.8059,0
단일,0,0.55,529.4,frame_0027,0.9304,0,0,0.2395,0.7845,0.5298,1.4563,0.2395,1.4563,1.5111,1,0.9304,0
단일,0,0.55,553.4,frame_0028,0.9273,0,0,0.6903,4.0657,0.3074,1.824,0.6903,1.824,2.0808,1,0.9273,0
단일,0,0.55,550.0,frame_0029,0.8329,0,0,0.3802,4.1194,0.4647,1.8155,0.3802,1.8155,1.8229,1,0.8329,0
단일,0,0.55,556.4,frame_0030,0.8683,0,0,0.7489,1.3317,0.4173,3.1018,0.7489,3.1018,3.5468,1,0.8683,0
단일,0,0.55,574.6,frame_0031,0.8749,0,0,0.273,2.3008,0.284,1.8441,0.273,1.8441,1.918,1,0.8749,0
단일,0,0.55,528.9,frame_0032,0.0,1,0,4.9725,12.6107,0.6451,1.3643,4.9725,1.3643,7.3425,0,0.9518,0
단일,0,0.55,544.2,frame_0033,0.0,1,0,177.5268,375.7767,177.3769,330.2698,177.5268,330.2698,342.3729,0,0.8467,0
단일,0,0.55,527.1,frame_0034,0.888,0,0,0.5788,1.8076,0.2513,2.1402,0.5788,2.1402,2.3081,1,0.888,0
단일,0,0.55,526.2,frame_0035,0.9064,0,0,0.7739,2.6667,0.666,3.0843,0.7739,3.0843,3.111,1,0.9064,0
단일,0,0.55,555.2,frame_0036,0.8711,0,0,0.5624,1.6043,0.4576,2.3225,0.5624,2.3225,2.2727,1,0.8711,0
단일,0,0.55,575.4,frame_0037,0.8938,0,0,0.4423,2.9826,0.5941,1.7516,0.4423,1.7516,1.7436,1,0.8938,0
단일,0,0.55,543.6,frame_0038,0.9827,0,0,1.0,3.2556,0.6315,1.5113,1.0,1.5113,2.369,1,0.9827,0
단일,0,0.55,538.1,frame_0039,0.9844,0,0,0.5091,3.2603,0.4685,1.4747,0.5091,1.4747,1.6019,1,0.9844,0
단일,0,0.55,536.5,frame_0040,0.8716,0,0,0.3964,3.5186,0.4897,1.8577,0.3964,1.8577,1.8914,1,0.8716,0
단일,0,0.55,559.3,frame_0041,0.9185,0,0,0.9125,4.6085,0.7562,1.4728,0.9125,1.4728,2.0528,1,0.9185,0
단일,0,0.55,577.9,frame_0042,0.9892,0,0,0.5343,3.5215,0.5779,1.3228,0.5343,1.3228,1.6522,1,0.9892,0
단일,0,0.55,526.4,frame_0043,0.0,1,0,0.3182,4.1404,0.2722,1.2883,0.3182,1.2883,1.3644,1,0.8527,0
단일,0,0.55,521.7,frame_0044,0.8808,0,0,0.1459,2.3822,0.3829,1.198,0.1459,1.198,1.1225,1,0.8808,0
단일,0,0.55,548.3,frame_0045,0.8904,0,0,0.7009,2.8021,0.151,1.4533,0.7009,1.4533,1.8112,1,0.8904,0
단일,0,0.55,575.2,frame_0046,0.9898,0,0,0.2322,3.5271,0.5025,1.3023,0.2322,1.3023,1.2887,1,0.9898,0
단일,0,0.55,562.5,frame_0047,0.875,0,0,0.3703,2.8912,0.2517,2.3677,0.3703,2.3677,2.3295,1,0.875,0
단일,0,0.55,555.5,frame_0048,0.8589,0,0,0.5883,2.3467,0.2908,1.4682,0.5883,1.4682,1.7203,1,0.8589,0
단일,0,0.55,552.8,frame_0049,0.8763,0,0,0.5292,2.1672,0.2329,2.0161,0.5292,2.0161,2.2272,1,0.8763,0
단일,0,0.55,541.0,frame_0050,0.8815,0,0,0.7538,3.326,0.4969,1.706,0.7538,1.706,2.0452,1,0.8815,0
단일,0,0.55,534.4,frame_0051,0.0,1,0,2.4855,4.4203,0.2305,1.4928,2.4855,1.4928,4.0033,1,0.8517,0
단일,0,0.55,556.2,frame_0052,0.9872,0,0,0.4869,2.6354,0.2388,2.2293,0.4869,2.2293,2.1494,1,0.9872,0
단일,0,0.55,554.8,frame_0053,0.0,1,0,128.1447,724.2841,122.0087,677.4152,128.1447,677.4152,684.608,0,0.9571,0
단일,0,0.55,548.4,frame_0054,0.7774,0,0,0.2831,4.5219,0.5015,3.2904,0.2831,3.2904,3.136,1,0.7774,0
단일,0,0.55,533.4,frame_0055,0.8362,0,0,0.223,2.4442,0.3362,2.081,0.223,2.081,2.2325,1,0.8362,0
단일,0,0.55,553.5,frame_0056,0.8514,0,0,0.2789,1.2805,0.4999,1.3254,0.2789,1.3254,1.3419,1,0.8514,0
단일,0,0.55,537.5,frame_0057,0.8541,0,0,0.2345,3.0454,0.3145,1.2329,0.2345,1.2329,1.1719,1,0.8541,0
단일,0,0.55,551.7,frame_0058,0.89,0,0,0.3152,2.9827,0.5137,1.9506,0.3152,1.9506,2.0589,1,0.89,0
단일,0,0.55,556.6,frame_0059,0.8136,0,0,0.2819,1.0485,0.4916,1.7948,0.2819,1.7948,1.898,1,0.8136,0
단일,0,0.55,556.1,frame_0060,0.9371,0,0,0.5295,3.0515,0.6238,2.1014,0.5295,2.1014,2.4265,1,0.9371,0
단일,0,0.55,566.2,frame_0061,0.7922,0,0,0.8344,1.2151,0.7702,1.4438,0.8344,1.4438,2.103,1,0.0073,1
단일,0,0.55,573.5,frame_0062,0.9882,0,0,0.3517,1.0187,0.346,1.5866,0.3517,1.5866,1.8111,1,0.9882,0
단일,0,0.55,570.3,frame_0063,0.9142,0,0,0.1316,0.7785,0.4338,1.429,0.1316,1.429,1.4341,1,0.9142,0
단일,0,0.55,560.6,frame_0064,0.99,0,0,0.1644,2.8254,0.4241,1.2084,0.1644,1.2084,1.1788,1,0.99,0
단일,0,0.55,525.0,frame_0065,0.8799,0,0,0.7449,3.4372,0.4313,1.8285,0.7449,1.8285,1.9866,1,0.8799,0
단일,0,0.55,534.7,frame_0066,0.8648,0,0,1.1121,4.1915,0.4607,1.7306,1.1121,1.7306,2.2247,1,0.8648,0
단일,0,0.55,538.2,frame_0067,0.8962,0,0,0.3929,1.5931,0.727,2.5097,0.3929,2.5097,2.3608,1,0.8962,0
단일,0,0.55,571.8,frame_0068,0.9264,0,0,0.2457,2.1872,0.5317,1.5588,0.2457,1.5588,1.5053,1,0.9264,0
단일,0,0.55,566.6,frame_0069,0.8402,0,0,0.652,2.6634,0.5324,1.7455,0.652,1.7455,2.0821,1,0.8402,0
단일,0,0.55,565.6,frame_0070,0.8767,0,0,0.502,2.2948,0.2913,1.1962,0.502,1.1962,1.371,1,0.8767,0
단일,0,0.55,540.9,frame_0071,0.8436,0,0,0.5392,1.1084,0.6537,1.6391,0.5392,1.6391,1.8461,1,0.8436,0
단일,0,0.55,538.5,frame_0072,0.8446,0,0,0.4994,2.5965,0.4344,1.3503,0.4994,1.3503,1.4709,1,0.8446,0
단일,0,0.55,575.4,frame_0073,0.8413,0,0,0.3789,2.6823,0.3826,1.8782,0.3789,1.8782,2.0421,1,0.8413,0
단일,0,0.55,526.7,frame_0074,0.9895,0,0,0.2854,2.1185,0.1781,1.6634,0.2854,1.6634,1.6333,1,0.9895,0
단일,0,0.55,570.0,frame_0075,0.8831,0,0,0.3572,2.3085,0.3366,1.7084,0.3572,1.7084,1.7786,1,0.8831,0
단일,0,0.55,541.1,frame_0076,0.8778,0,0,0.796,4.1013,0.3473,1.6489,0.796,1.6489,2.1045,1,0.8778,0
단일,0,0.55,530.7,frame_0077,0.9196,0,0,0.9342,2.2664,0.2984,1.5328,0.9342,1.5328,2.153,1,0.9196,0
단일,0,0.55,549.4,frame_0078,0.9886,0,0,0.4741,1.4782,0.132,1.7568,0.4741,1.7568,1.8065,1,0.9886,0
단일,0,0.55,527.3,frame_0079,0.9757,0,0,0.7659,6.6623,0.5341,1.2869,0.7659,1.2869,1.6661,1,0.9757,0
단일,0,0.60,591.3,frame_0000,0.8417,0,0,0.4108,3.3486,0.2452,1.366,0.4108,1.366,1.712,1,0.8417,0
단일,0,0.60,570.3,frame_0001,0.9189,0,0,0.6196,3.5488,0.7972,1.6489,0.6196,1.6489,1.9187,1,0.9189,0
단일,0,0.60,611.5,frame_0002,0.9877,0,0,0.5391,2.9335,0.6097,2.3515,0.5391,2.3515,2.7307,1,0.9877,0
단일,0,0.60,590.3,frame_0003,0.8427,0,0,0.7537,4.2054,0.3758,0.7967,0.7537,0.7967,1.3634,1,0.8427,0
단일,0,0.60,592.0,frame_0004,0.8461,0,0,0.8045,1.5003,0.2217,2.2234,0.8045,2.2234,2.4093,1,0.8461,0
단일,0,0.60,629.5,frame_0005,0.894,0,0,0.3077,2.0221,0.4376,3.0399,0.3077,3.0399,3.1189,1,0.894,0
단일,0,0.60,570.7,frame_0006,0.8274,0,0,0.4836,3.0138,0.6985,1.4053,0.4836,1.4053,1.4761,1,0.8274,0
단일,0,0.60,603.3,frame_0007,0.8822,0,0,0.6038,3.125,0.7168,2.4024,0.6038,2.4024,2.3298,1,0.8822,0
단일,0,0.60,616.1,frame_0008,0.8927,0,0,0.2921,2.7225,0.5686,1.5344,0.2921,1.5344,1.5486,1,0.8927,0
단일,0,0.60,598.5,frame_0009,0.9868,0,0,0.6814,1.115,0.2858,1.9385,0.6814,1.9385,2.3726,1,0.9868,0
단일,0,0.60,576.8,frame_0010,0.841,0,0,0.6045,2.4074,0.6221,1.4524,0.6045,1.4524,1.6782,1,0.841,0
단일,0,0.60,590.2,frame_0011,0.9376,0,0,0.4797,2.4724,0.4964,1.4354,0.4797,1.4354,1.5528,1,0.9376,0
단일,0,0.60,613.2,frame_0012,0.9512,0,0,0.3147,3.3396,0.5401,1.9158,0.3147,1.9158,2.1243,1,0.9512,0
단일,0,0.60,589.8,frame_0013,0.9582,0,0,0.6324,2.0627,0.4797,1.6802,0.6324,1.6802,2.2552,1,0.9582,0
단일,0,0.60,595.9,frame_0014,0.9797,0,0,0.7552,3.33,0.3632,1.8673,0.7552,1.8673,2.154,1,0.9797,0
단일,0,0.60,611.0,frame_0015,0.9878,0,0,0.2769,1.8793,0.396,2.327,0.2769,2.327,2.3354,1,0.9878,0
단일,0,0.60,611.4,frame_0016,0.986,0,0,0.7115,1.8728,0.5415,1.4803,0.7115,1.4803,1.7865,1,0.986,0
단일,0,0.60,607.9,frame_0017,0.855,0,0,0.3954,1.9836,0.3729,2.1542,0.3954,2.1542,2.0169,1,0.855,0
단일,0,0.60,591.3,frame_0018,0.953,0,0,0.1714,1.6452,0.3747,1.7716,0.1714,1.7716,1.9041,1,0.953,0
단일,0,0.60,622.4,frame_0019,0.8804,0,0,0.4409,2.7368,0.2385,1.6925,0.4409,1.6925,1.9116,1,0.8804,0
단일,0,0.60,599.0,frame_0020,0.8495,0,0,0.3531,3.0939,0.7174,1.5622,0.3531,1.5622,1.5925,1,0.8495,0
단일,0,0.60,574.7,frame_0021,0.9632,0,0,0.2108,0.9651,0.5596,1.9618,0.2108,1.9618,1.8443,1,0.9632,0
단일,0,0.60,578.8,frame_0022,0.8498,0,0,0.5288,2.7291,0.5186,1.8452,0.5288,1.8452,1.9809,1,0.8498,0
단일,0,0.60,623.6,frame_0023,0.9872,0,0,0.457,3.4795,0.2703,1.6835,0.457,1.6835,1.9874,1,0.9872,0
단일,0,0.60,602.3,frame_0024,0.9896,0,0,0.5656,3.2454,0.2663,2.6343,0.5656,2.6343,2.9087,1,0.9896,0
단일,0,0.60,618.6,frame_0025,0.9651,0,0,0.4073,0.6016,0.3286,2.4424,0.4073,2.4424,2.3188,1,0.9651,0
단일,0,0.60,593.4,frame_0026,0.8115,0,0,0.776,3.9908,0.6033,1.1168,0.776,1.1168,1.6421,1,0.8115,0
단일,0,0.60,579.4,frame_0027,0.9651,0,0,0.3281,1.5424,0.7407,1.5549,0.3281,1.5549,1.6207,1,0.9651,0
단일,0,0.60,603.4,frame_0028,0.9297,0,0,0.4062,3.1965,0.3251,1.4716,0.4062,1.4716,1.5604,1,0.9297,0
단일,0,0.60,600.0,frame_0029,0.8367,0,0,0.3258,2.5599,0.6963,1.7666,0.3258,1.7666,1.907,1,0.8367,0
단일,0,0.60,606.4,frame_0030,0.8741,0,0,1.2609,3.1758,0.3968,2.6394,1.2609,2.6394,3.1008,1,0.8741,0
단일,0,0.60,624.6,frame_0031,0.9453,0,0,0.2347,1.1812,0.3112,1.8187,0.2347,1.8187,1.8575,1,0.9453,0
단일,0,0.60,578.9,frame_0032,0.0,1,0,115.4002,340.4826,106.6486,321.8714,115.4002,321.8714,315.8791,0,0.9405,0
단일,0,0.60,594.2,frame_0033,0.8498,0,0,0.6162,2.4011,0.297,1.4874,0.6162,1.4874,1.9403,1,0.8498,0
단일,0,0.60,577.1,frame_0034,0.9425,0,0,0.5411,2.4531,0.2067,1.8807,0.5411,1.8807,2.0791,1,0.9425,0
단일,0,0.60,576.2,frame_0035,0.9289,0,0,0.6851,2.7153,0.7484,2.8699,0.6851,2.8699,2.8138,1,0.9289,0
단일,0,0.60,605.2,frame_0036,0.8734,0,0,0.4655,1.6688,0.4358,1.9128,0.4655,1.9128,1.8623,1,0.8734,0
단일,0,0.60,625.4,frame_0037,0.9029,0,0,0.2473,2.4072,0.3378,1.5759,0.2473,1.5759,1.6043,1,0.9029,0
단일,0,0.60,593.6,frame_0038,0.9779,0,0,0.7182,4.4514,0.5724,1.6394,0.7182,1.6394,2.1522,1,0.9779,0
단일,0,0.60,588.1,frame_0039,0.9317,0,0,0.6232,3.6968,0.6654,1.7775,0.6232,1.7775,1.9765,1,0.9317,0
단일,0,0.60,586.5,frame_0040,0.8769,0,0,0.3759,3.5044,0.3815,2.0975,0.3759,2.0975,2.0483,1,0.8769,0
단일,0,0.60,609.3,frame_0041,0.9123,0,0,0.29,1.6287,0.7198,1.7791,0.29,1.7791,1.9035,1,0.9123,0
단일,0,0.60,627.9,frame_0042,0.9895,0,0,0.7255,3.4579,0.4055,2.2261,0.7255,2.2261,2.673,1,0.9895,0
단일,0,0.60,576.4,frame_0043,0.0,1,0,0.6966,4.9599,0.4042,1.1048,0.6966,1.1048,1.5385,1,0.8519,0
단일,0,0.60,571.7,frame_0044,0.8952,0,0,0.2448,2.8783,0.2061,1.951,0.2448,1.951,1.8431,1,0.8952,0
단일,0,0.60,598.3,frame_0045,0.897,0,0,0.6961,2.5695,0.1837,2.0073,0.6961,2.0073,2.2512,1,0.897,0
단일,0,0.60,625.2,frame_0046,0.9883,0,0,0.2762,3.3753,0.6955,1.7108,0.2762,1.7108,1.7356,1,0.9883,0
단일,0,0.60,612.5,frame_0047,0.9036,0,0,0.2246,2.6833,0.2251,1.8444,0.2246,1.8444,1.7553,1,0.9036,0
단일,0,0.60,605.5,frame_0048,0.8548,0,0,0.6491,1.9189,0.1261,2.0512,0.6491,2.0512,2.2132,1,0.8548,0
단일,0,0.60,602.8,frame_0049,0.881,0,0,0.7675,2.6953,0.1103,1.5879,0.7675,1.5879,2.0594,1,0.881,0
단일,0,0.60,591.0,frame_0050,0.8848,0,0,0.5574,1.8984,0.535,2.2923,0.5574,2.2923,2.3402,1,0.8848,0
단일,0,0.60,584.4,frame_0051,0.0,1,0,1.4798,0.969,0.3339,2.1696,1.4798,2.1696,3.1097,1,0.8825,0
단일,0,0.60,606.2,frame_0052,0.9858,0,0,0.4526,2.2727,0.2647,2.275,0.4526,2.275,2.6546,1,0.9858,0
단일,0,0.60,604.8,frame_0053,0.9264,0,0,0.22,1.1126,0.4093,1.6977,0.22,1.6977,1.6305,1,0.9264,0
단일,0,0.60,598.4,frame_0054,0.7796,0,0,0.8167,2.1529,0.1928,2.5277,0.8167,2.5277,2.5896,1,0.7796,0
단일,0,0.60,583.4,frame_0055,0.8447,0,0,0.3505,1.8312,0.3344,2.1917,0.3505,2.1917,2.4488,1,0.8447,0
단일,0,0.60,603.5,frame_0056,0.8863,0,0,0.3189,3.1166,0.2559,1.0108,0.3189,1.0108,1.035,1,0.8863,0
단일,0,0.60,587.5,frame_0057,0.8688,0,0,0.2417,2.416,0.4377,1.8043,0.2417,1.8043,1.8682,1,0.8688,0
단일,0,0.60,601.7,frame_0058,0.8689,0,0,0.3633,2.8741,0.4246,1.5646,0.3633,1.5646,1.6841,1,0.8689,0
단일,0,0.60,606.6,frame_0059,0.8371,0,0,0.1539,2.1936,0.3837,1.8185,0.1539,1.8185,1.844,1,0.8371,0
단일,0,0.60,606.1,frame_0060,0.8992,0,0,0.454,1.5903,0.4261,2.0893,0.454,2.0893,2.1266,1,0.8992,0
단일,0,0.60,616.2,frame_0061,0.7979,0,0,0.679,0.7806,0.9002,1.8725,0.679,1.8725,2.3133,1,0.0,1
단일,0,0.60,623.5,frame_0062,0.9885,0,0,0.4329,1.5844,0.5214,1.9286,0.4329,1.9286,2.1694,1,0.9885,0
단일,0,0.60,620.3,frame_0063,0.9231,0,0,0.2199,1.751,0.4807,2.576,0.2199,2.576,2.6461,1,0.9231,0
단일,0,0.60,610.6,frame_0064,0.9899,0,0,0.1719,1.8366,0.6155,1.6182,0.1719,1.6182,1.5709,1,0.9899,0
단일,0,0.60,575.0,frame_0065,0.9385,0,0,0.2755,1.429,0.3575,2.8006,0.2755,2.8006,2.8064,1,0.9385,0
단일,0,0.60,588.2,frame_0066,0.8348,0,0,0.6061,1.4671,0.4971,2.3107,0.6061,2.3107,2.8488,1,0.8348,0
단일,0,0.60,610.3,frame_0067,0.9869,0,0,0.4804,3.0332,0.5821,1.748,0.4804,1.748,1.9914,1,0.9869,0
단일,0,0.60,616.6,frame_0068,0.8433,0,0,0.6064,2.2998,0.4901,1.5973,0.6064,1.5973,2.0421,1,0.8433,0
단일,0,0.60,615.6,frame_0069,0.8853,0,0,0.4777,2.1199,0.1268,1.1762,0.4777,1.1762,1.3456,1,0.8853,0
단일,0,0.60,590.9,frame_0070,0.8456,0,0,0.3833,1.4291,0.5566,1.7938,0.3833,1.7938,1.9247,1,0.8456,0
단일,0,0.60,588.5,frame_0071,0.8425,0,0,0.2925,2.954,0.3496,1.818,0.2925,1.818,1.8458,1,0.8425,0
단일,0,0.60,625.4,frame_0072,0.852,0,0,0.4093,2.6604,0.1889,1.3772,0.4093,1.3772,1.643,1,0.852,0
단일,0,0.60,576.7,frame_0073,0.9902,0,0,0.4336,1.4208,0.2796,1.7771,0.4336,1.7771,1.8099,1,0.9902,0
단일,0,0.60,620.0,frame_0074,0.8888,0,0,0.5202,2.8901,0.3454,1.8733,0.5202,1.8733,2.04,1,0.8888,0
단일,0,0.60,591.1,frame_0075,0.9311,0,0,0.6971,2.9852,0.4574,1.6908,0.6971,1.6908,2.1387,1,0.9311,0
단일,0,0.60,580.7,frame_0076,0.9416,0,0,0.7331,2.2157,0.3279,2.1283,0.7331,2.1283,2.4597,1,0.9416,0
단일,0,0.60,599.4,frame_0077,0.9867,0,0,0.4974,1.9907,0.1474,1.7873,0.4974,1.7873,1.8127,1,0.9867,0
단일,0,0.60,577.3,frame_0078,0.9831,0,0,0.8687,2.8246,0.2618,1.4115,0.8687,1.4115,1.8809,1,0.9831,0
단일,0,0.60,611.1,frame_0079,0.8356,0,0,0.2153,2.449,0.2365,1.4891,0.2153,1.4891,1.5681,1,0.8356,0
단일,0,0.70,691.3,frame_0000,0.916,0,0,0.2698,2.6188,0.8658,2.2559,0.2698,2.2559,2.4015,1,0.916,0
단일,0,0.70,670.3,frame_0001,0.9349,0,0,0.4871,2.978,0.3831,1.595,0.4871,1.595,1.7597,1,0.9349,0
단일,0,0.70,711.5,frame_0002,0.9869,0,0,0.3932,1.5923,0.8256,1.7003,0.3932,1.7003,1.8952,1,0.9869,0
단일,0,0.70,690.3,frame_0003,0.8897,0,0,0.8724,2.7309,0.3072,1.3968,0.8724,1.3968,2.0586,1,0.8897,0
단일,0,0.70,692.0,frame_0004,0.8648,0,0,0.7863,2.0351,0.3996,2.7098,0.7863,2.7098,2.7848,1,0.8648,0
단일,0,0.70,729.5,frame_0005,0.8927,0,0,0.2963,1.5815,0.4667,3.4666,0.2963,3.4666,3.5402,1,0.8927,0
단일,0,0.70,670.7,frame_0006,0.8674,0,0,0.2233,2.9694,0.1162,1.733,0.2233,1.733,1.6252,1,0.8674,0
단일,0,0.70,703.3,frame_0007,0.8855,0,0,0.581,3.6302,0.8907,3.6289,0.581,3.6289,3.4502,1,0.8855,0
단일,0,0.70,716.1,frame_0008,0.9453,0,0,0.4478,2.5399,0.4453,1.7625,0.4478,1.7625,2.0485,1,0.9453,0
단일,0,0.70,698.5,frame_0009,0.9787,0,0,0.5542,1.169,0.4503,1.9966,0.5542,1.9966,2.3057,1,0.9787,0
단일,0,0.70,676.8,frame_0010,0.841,0,0,0.4108,2.7879,0.2506,1.9742,0.4108,1.9742,2.1361,1,0.841,0
단일,0,0.70,690.2,frame_0011,0.9548,0,0,0.3937,2.5971,0.1649,2.1543,0.3937,2.1543,2.268,1,0.9548,0
단일,0,0.70,713.2,frame_0012,0.9201,0,0,0.3618,3.9509,0.2628,3.0672,0.3618,3.0672,3.1105,1,0.9201,0
단일,0,0.70,689.8,frame_0013,0.985,0,0,0.0476,1.434,0.7102,1.5066,0.0476,1.5066,1.5385,1,0.985,0
단일,0,0.70,695.9,frame_0014,0.9825,0,0,0.6529,3.452,0.3452,1.6938,0.6529,1.6938,1.9315,1,0.9825,0
단일,0,0.70,711.0,frame_0015,0.9898,0,0,0.2328,1.5598,0.4051,1.9569,0.2328,1.9569,2.1161,1,0.9898,0
단일,0,0.70,711.4,frame_0016,0.9875,0,0,0.4626,2.2345,0.3911,1.8398,0.4626,1.8398,1.932,1,0.9875,0
단일,0,0.70,707.9,frame_0017,0.8609,0,0,0.8571,2.1025,0.3618,2.1979,0.8571,2.1979,2.4503,1,0.8609,0
단일,0,0.70,691.3,frame_0018,0.9875,0,0,0.3439,1.1181,0.5752,1.9807,0.3439,1.9807,2.1333,1,0.9875,0
단일,0,0.70,722.4,frame_0019,0.9364,0,0,0.243,2.54,0.187,2.3496,0.243,2.3496,2.3996,1,0.9364,0
단일,0,0.70,699.0,frame_0020,0.8756,0,0,0.2329,3.4722,0.612,1.9803,0.2329,1.9803,1.9565,1,0.8756,0
단일,0,0.70,674.7,frame_0021,0.9876,0,0,0.5566,2.7627,0.4778,2.258,0.5566,2.258,2.6452,1,0.9876,0
단일,0,0.70,678.8,frame_0022,0.881,0,0,0.6313,3.1228,0.4575,2.262,0.6313,2.262,2.4008,1,0.881,0
단일,0,0.70,723.6,frame_0023,0.9889,0,0,0.4824,2.7507,0.3077,1.9813,0.4824,1.9813,2.2717,1,0.9889,0
단일,0,0.70,702.3,frame_0024,0.9902,0,0,0.447,3.7682,0.6665,1.7932,0.447,1.7932,1.911,1,0.9902,0
단일,0,0.70,718.6,frame_0025,0.9856,0,0,0.3027,2.7006,0.3598,1.8842,0.3027,1.8842,2.1195,1,0.9856,0
단일,0,0.70,693.4,frame_0026,0.0001,1,0,107.5474,386.7294,110.5021,388.1875,107.5474,388.1875,415.6416,0,0.8257,0
단일,0,0.70,679.4,frame_0027,0.9673,0,0,0.3535,1.217,0.3839,2.5419,0.3535,2.5419,2.7566,1,0.9673,0
단일,0,0.70,703.4,frame_0028,0.974,0,0,0.357,2.8836,0.2217,1.434,0.357,1.434,1.4171,1,0.974,0
단일,0,0.70,700.0,frame_0029,0.9018,0,0,0.2291,2.7823,0.667,2.3911,0.2291,2.3911,2.2545,1,0.9018,0
단일,0,0.70,706.4,frame_0030,0.8872,0,0,0.9136,3.1208,0.3471,2.6387,0.9136,2.6387,2.7512,1,0.8872,0
단일,0,0.70,724.6,frame_0031,0.9462,0,0,0.1895,1.8586,0.3643,1.3638,0.1895,1.3638,1.3612,1,0.9462,0
단일,0,0.70,678.9,frame_0032,0.0,1,0,118.028,310.5038,115.8239,285.7136,118.028,285.7136,288.2027,0,0.9207,0
단일,0,0.70,694.2,frame_0033,0.8505,0,0,0.3803,2.2644,0.3377,1.8292,0.3803,1.8292,1.9197,1,0.8505,0
단일,0,0.70,677.1,frame_0034,0.954,0,0,0.5654,2.5051,0.3809,2.3737,0.5654,2.3737,2.5879,1,0.954,0
단일,0,0.70,676.2,frame_0035,0.963,0,0,0.655,2.1328,0.8477,3.2541,0.655,3.2541,3.1267,1,0.963,0
단일,0,0.70,705.2,frame_0036,0.8792,0,0,0.2792,1.9721,0.4343,3.1314,0.2792,3.1314,2.9574,1,0.8792,0
단일,0,0.70,725.4,frame_0037,0.924,0,0,0.3866,2.7949,0.3925,2.1696,0.3866,2.1696,2.2078,1,0.924,0
단일,0,0.70,693.6,frame_0038,0.988,0,0,0.9019,3.2626,0.5959,1.217,0.9019,1.217,1.9808,1,0.988,0
단일,0,0.70,688.1,frame_0039,0.989,0,0,0.4062,3.3682,0.4418,2.3847,0.4062,2.3847,2.3759,1,0.989,0
단일,0,0.70,686.5,frame_0040,0.9233,0,0,0.805,3.4987,0.4315,2.3074,0.805,2.3074,2.5183,1,0.9233,0
단일,0,0.70,709.3,frame_0041,0.9356,0,0,0.2333,1.0242,0.7897,1.5927,0.2333,1.5927,1.7995,1,0.9356,0
단일,0,0.70,727.9,frame_0042,0.989,0,0,0.7314,3.5077,0.6941,2.0426,0.7314,2.0426,2.513,1,0.989,0
단일,0,0.70,676.4,frame_0043,0.0,1,0,1.0544,7.725,0.3847,2.2325,1.0544,2.2325,2.7024,1,0.8308,0
단일,0,0.70,671.7,frame_0044,0.948,0,0,0.3259,3.0804,0.269,1.4604,0.3259,1.4604,1.4636,1,0.948,0
단일,0,0.70,698.3,frame_0045,0.9081,0,0,0.6917,2.823,0.2158,2.8267,0.6917,2.8267,2.947,1,0.9081,0
단일,0,0.70,725.2,frame_0046,0.9821,0,0,0.4193,3.3383,0.6442,2.2241,0.4193,2.2241,2.2463,1,0.9821,0
단일,0,0.70,712.5,frame_0047,0.8992,0,0,0.8031,3.0421,0.2912,2.5967,0.8031,2.5967,2.9645,1,0.8992,0
단일,0,0.70,705.5,frame_0048,0.8694,0,0,0.1869,2.3316,0.2429,1.9902,0.1869,1.9902,2.0394,1,0.8694,0
단일,0,0.70,702.8,frame_0049,0.8857,0,0,0.6618,3.3013,0.2454,2.7093,0.6618,2.7093,2.8896,1,0.8857,0
단일,0,0.70,691.0,frame_0050,0.9016,0,0,0.6458,2.7697,0.3364,3.1833,0.6458,3.1833,3.1913,1,0.9016,0
단일,0,0.70,684.4,frame_0051,0.8358,0,0,0.4611,2.6636,0.43,3.2032,0.4611,3.2032,3.2131,1,0.8358,0
단일,0,0.70,706.2,frame_0052,0.9867,0,0,0.5225,2.2596,0.2057,1.7028,0.5225,1.7028,1.7383,1,0.9867,0
단일,0,0.70,704.8,frame_0053,0.0,1,0,140.4548,760.5703,137.4537,752.2697,140.4548,752.2697,759.3815,0,0.9588,0
단일,0,0.70,698.4,frame_0054,0.7898,0,0,0.7226,2.1746,0.5746,3.0903,0.7226,3.0903,2.9748,1,0.7898,0
단일,0,0.70,683.4,frame_0055,0.859,0,0,0.2107,2.1152,0.3341,2.8198,0.2107,2.8198,2.7489,1,0.859,0
단일,0,0.70,703.5,frame_0056,0.8445,0,0,0.1465,0.5626,0.7021,1.7935,0.1465,1.7935,1.7672,1,0.8445,0
단일,0,0.70,687.5,frame_0057,0.9413,0,0,0.2088,2.5962,0.3429,2.6269,0.2088,2.6269,2.7345,1,0.9413,0
단일,0,0.70,701.7,frame_0058,0.8947,0,0,0.3677,3.1583,0.5995,2.3633,0.3677,2.3633,2.4325,1,0.8947,0
단일,0,0.70,706.6,frame_0059,0.8735,0,0,0.3411,2.0251,0.4415,2.1515,0.3411,2.1515,2.1948,1,0.8735,0
단일,0,0.70,706.1,frame_0060,0.98,0,0,0.4429,2.8115,0.7087,3.229,0.4429,3.229,3.0503,1,0.98,0
단일,0,0.70,716.2,frame_0061,0.8142,0,0,0.6843,2.0871,0.8781,1.4991,0.6843,1.4991,2.1492,1,0.086,1
단일,0,0.70,723.5,frame_0062,0.9868,0,0,0.6256,1.835,0.3947,2.2334,0.6256,2.2334,2.7256,1,0.9868,0
단일,0,0.70,720.3,frame_0063,0.9198,0,0,0.2957,1.1229,0.7568,2.5045,0.2957,2.5045,2.5952,1,0.9198,0
단일,0,0.70,710.6,frame_0064,0.9901,0,0,0.3469,2.8991,0.8037,2.6568,0.3469,2.6568,2.6044,1,0.9901,0
단일,0,0.70,675.0,frame_0065,0.9777,0,0,0.9155,4.2095,0.4382,3.4079,0.9155,3.4079,3.4584,1,0.9777,0
단일,0,0.70,688.2,frame_0066,0.8356,0,0,0.1694,0.4705,0.5711,3.2998,0.1694,3.2998,3.3729,1,0.8356,0
단일,0,0.70,710.3,frame_0067,0.9873,0,0,0.525,4.2793,0.5672,1.7576,0.525,1.7576,2.0242,1,0.9873,0
단일,0,0.70,716.6,frame_0068,0.8887,0,0,0.3122,2.2573,0.544,2.1871,0.3122,2.1871,2.3401,1,0.8887,0
단일,0,0.70,715.6,frame_0069,0.9754,0,0,0.4352,2.7005,0.2017,1.3298,0.4352,1.3298,1.3856,1,0.9754,0
단일,0,0.70,690.9,frame_0070,0.8565,0,0,0.2978,2.1088,0.5854,2.3933,0.2978,2.3933,2.4998,1,0.8565,0
단일,0,0.70,688.5,frame_0071,0.8654,0,0,0.5684,3.769,0.5807,2.2709,0.5684,2.2709,2.3501,1,0.8654,0
단일,0,0.70,725.4,frame_0072,0.8498,0,0,0.2964,2.4501,0.3974,1.5055,0.2964,1.5055,1.6623,1,0.8498,0
단일,0,0.70,676.7,frame_0073,0.8937,0,0,0.7364,1.6635,0.1192,2.0449,0.7364,2.0449,2.2694,1,0.8937,0
단일,0,0.70,720.0,frame_0074,0.8923,0,0,0.8167,3.7442,0.3229,2.0002,0.8167,2.0002,2.2997,1,0.8923,0
단일,0,0.70,691.1,frame_0075,0.8993,0,0,0.6441,4.6222,0.2159,2.4397,0.6441,2.4397,2.6728,1,0.8993,0
단일,0,0.70,680.7,frame_0076,0.9679,0,0,0.5701,2.4263,0.1392,1.7062,0.5701,1.7062,1.9681,1,0.9679,0
단일,0,0.70,699.4,frame_0077,0.9831,0,0,0.5003,2.8641,0.322,1.9962,0.5003,1.9962,1.9714,1,0.9831,0
단일,0,0.70,677.3,frame_0078,0.9852,0,0,0.4698,4.1685,0.2877,3.1863,0.4698,3.1863,2.9783,1,0.9852,0
단일,0,0.70,711.1,frame_0079,0.8637,0,0,0.5293,2.3848,1.036,1.565,0.5293,1.565,1.8043,1,0.8637,0
단일,0,0.85,841.3,frame_0000,0.8881,0,0,0.361,1.7971,0.8876,1.6867,0.361,1.6867,2.0369,1,0.8881,0
단일,0,0.85,820.3,frame_0001,0.9497,0,0,0.2766,3.3958,0.9332,2.5232,0.2766,2.5232,2.5178,1,0.9497,0
단일,0,0.85,861.5,frame_0002,0.9849,0,0,0.4894,1.3132,0.3921,2.7701,0.4894,2.7701,3.1236,1,0.9849,0
단일,0,0.85,840.3,frame_0003,0.834,0,0,0.8546,3.7837,0.2806,2.6855,0.8546,2.6855,2.9296,1,0.834,0
단일,0,0.85,842.0,frame_0004,0.9005,0,0,0.768,3.0561,0.5198,1.3662,0.768,1.3662,1.9269,1,0.9005,0
단일,0,0.85,879.5,frame_0005,0.9004,0,0,0.5158,1.3819,0.8076,2.4177,0.5158,2.4177,2.5768,1,0.9004,0
단일,0,0.85,820.7,frame_0006,0.8274,0,0,0.8524,5.4578,0.8552,1.462,0.8524,1.462,1.9245,1,0.8274,0
단일,0,0.85,853.3,frame_0007,0.8854,0,0,0.4807,1.8915,0.6851,4.7547,0.4807,4.7547,4.607,1,0.8854,0
단일,0,0.85,866.1,frame_0008,0.909,0,0,0.2619,2.0956,0.6177,2.0688,0.2619,2.0688,2.1823,1,0.909,0
단일,0,0.85,848.5,frame_0009,0.9646,0,0,1.1562,6.0989,0.6411,1.8844,1.1562,1.8844,2.8838,1,0.9646,0
단일,0,0.85,826.8,frame_0010,0.8428,0,0,0.4459,3.5144,1.3387,2.0429,0.4459,2.0429,2.3145,1,0.8428,0
단일,0,0.85,840.2,frame_0011,0.9734,0,0,0.3808,2.2566,0.5438,2.3725,0.3808,2.3725,2.5633,1,0.9734,0
단일,0,0.85,863.2,frame_0012,0.9476,0,0,0.2037,4.0526,0.98,2.7477,0.2037,2.7477,2.9169,1,0.9476,0
단일,0,0.85,839.8,frame_0013,0.9318,0,0,0.1759,1.9821,0.7887,2.0466,0.1759,2.0466,2.0065,1,0.9318,0
단일,0,0.85,845.9,frame_0014,0.963,0,0,0.8401,3.7803,0.3711,1.9611,0.8401,1.9611,2.2088,1,0.963,0
단일,0,0.85,861.0,frame_0015,0.9867,0,0,0.1297,2.0694,0.6832,1.8743,0.1297,1.8743,1.9328,1,0.9867,0
단일,0,0.85,861.4,frame_0016,0.983,0,0,0.4733,2.1951,0.4219,1.7514,0.4733,1.7514,1.8431,1,0.983,0
단일,0,0.85,857.9,frame_0017,0.8671,0,0,0.8053,1.6228,0.3979,3.0669,0.8053,3.0669,3.2474,1,0.8671,0
단일,0,0.85,841.3,frame_0018,0.984,0,0,0.2868,1.7202,0.7414,2.0194,0.2868,2.0194,2.1231,1,0.984,0
단일,0,0.85,872.4,frame_0019,0.9569,0,0,0.3694,2.9219,0.521,2.1688,0.3694,2.1688,2.3287,1,0.9569,0
단일,0,0.85,849.0,frame_0020,0.8706,0,0,0.2238,3.9422,0.8014,1.5525,0.2238,1.5525,1.4086,1,0.8706,0
단일,0,0.85,824.7,frame_0021,0.9787,0,0,0.2522,0.871,0.4636,3.0366,0.2522,3.0366,2.9264,1,0.9787,0
단일,0,0.85,828.8,frame_0022,0.9109,0,0,0.7212,2.8497,0.6117,2.2088,0.7212,2.2088,2.5993,1,0.9109,0
단일,0,0.85,873.6,frame_0023,0.9892,0,0,0.2869,4.3836,0.5193,2.3615,0.2869,2.3615,2.5519,1,0.9892,0
단일,0,0.85,852.3,frame_0024,0.9902,0,0,0.826,3.2575,0.4981,2.1937,0.826,2.1937,2.805,1,0.9902,0
단일,0,0.85,868.6,frame_0025,0.9581,0,0,0.7393,0.7341,0.5105,2.2474,0.7393,2.2474,2.6801,1,0.9581,0
단일,0,0.85,843.4,frame_0026,0.826,0,0,0.9903,3.7538,0.6189,2.0226,0.9903,2.0226,2.9008,1,0.826,0
단일,0,0.85,829.4,frame_0027,0.9312,0,0,0.6127,3.9584,0.6373,1.5438,0.6127,1.5438,1.7711,1,0.9312,0
단일,0,0.85,853.4,frame_0028,0.9875,0,0,0.3319,2.535,0.2404,1.8449,0.3319,1.8449,1.7807,1,0.9875,0
단일,0,0.85,850.0,frame_0029,0.9323,0,0,0.3379,2.3288,0.6728,2.128,0.3379,2.128,2.1011,1,0.9323,0
단일,0,0.85,856.4,frame_0030,0.8887,0,0,0.6904,2.9011,0.4059,2.6264,0.6904,2.6264,2.5682,1,0.8887,0
단일,0,0.85,874.6,frame_0031,0.9297,0,0,0.2284,1.9629,0.2927,1.8475,0.2284,1.8475,1.7646,1,0.9297,0
단일,0,0.85,828.9,frame_0032,0.0002,1,0,128.1912,327.1887,129.4265,293.9928,128.1912,293.9928,299.1158,0,0.9644,0
단일,0,0.85,844.2,frame_0033,0.8619,0,0,0.4319,2.2371,0.2326,2.3283,0.4319,2.3283,2.3336,1,0.8619,0
단일,0,0.85,827.1,frame_0034,0.9118,0,0,0.3859,2.5152,0.4498,1.7517,0.3859,1.7517,1.7671,1,0.9118,0
단일,0,0.85,826.2,frame_0035,0.9626,0,0,0.5751,3.197,1.0065,3.6488,0.5751,3.6488,3.4857,1,0.9626,0
단일,0,0.85,855.2,frame_0036,0.8825,0,0,0.5417,2.6016,0.6941,2.5433,0.5417,2.5433,2.3738,1,0.8825,0
단일,0,0.85,875.4,frame_0037,0.8912,0,0,0.6814,3.1494,0.4214,2.3206,0.6814,2.3206,2.4238,1,0.8912,0
단일,0,0.85,843.6,frame_0038,0.9868,0,0,0.9657,3.2497,1.3495,3.019,0.9657,3.019,3.6062,1,0.9868,0
단일,0,0.85,838.1,frame_0039,0.9874,0,0,0.375,4.36,0.7652,1.3369,0.375,1.3369,1.3773,1,0.9874,0
단일,0,0.85,836.5,frame_0040,0.8936,0,0,0.3473,3.2217,0.278,2.2976,0.3473,2.2976,2.3372,1,0.8936,0
단일,0,0.85,859.3,frame_0041,0.9418,0,0,0.2363,1.938,0.7411,1.6882,0.2363,1.6882,1.5652,1,0.9418,0
단일,0,0.85,877.9,frame_0042,0.9875,0,0,0.8836,3.2772,0.5187,2.5845,0.8836,2.5845,3.2811,1,0.9875,0
단일,0,0.85,826.4,frame_0043,0.8304,0,0,0.6154,3.3411,0.8526,1.8092,0.6154,1.8092,1.9831,1,0.8304,0
단일,0,0.85,821.7,frame_0044,0.8977,0,0,0.4111,3.2099,0.4244,1.2981,0.4111,1.2981,1.3671,1,0.8977,0
단일,0,0.85,848.3,frame_0045,0.9006,0,0,0.5352,2.6778,0.3288,1.9788,0.5352,1.9788,2.2329,1,0.9006,0
단일,0,0.85,875.2,frame_0046,0.9793,0,0,0.3732,3.5321,0.7394,1.9876,0.3732,1.9876,1.9337,1,0.9793,0
단일,0,0.85,862.5,frame_0047,0.918,0,0,0.4992,2.6408,0.2462,2.0888,0.4992,2.0888,2.0223,1,0.918,0
단일,0,0.85,855.5,frame_0048,0.867,0,0,0.4445,3.1813,0.4825,2.2894,0.4445,2.2894,2.6015,1,0.867,0
단일,0,0.85,852.8,frame_0049,0.8879,0,0,0.9561,3.3269,0.5772,2.3704,0.9561,2.3704,2.8825,1,0.8879,0
단일,0,0.85,841.0,frame_0050,0.9024,0,0,0.7791,3.2804,0.4361,2.3431,0.7791,2.3431,2.6802,1,0.9024,0
단일,0,0.85,834.4,frame_0051,0.8369,0,0,0.4857,2.4302,0.5261,2.889,0.4857,2.889,3.2899,1,0.8369,0
단일,0,0.85,856.2,frame_0052,0.9858,0,0,0.2545,2.5859,0.7421,1.6335,0.2545,1.6335,1.684,1,0.9858,0
단일,0,0.85,854.8,frame_0053,0.9861,0,0,0.2623,1.637,1.0915,1.8621,0.2623,1.8621,1.6938,1,0.9861,0
단일,0,0.85,848.4,frame_0054,0.7948,0,0,0.8588,2.7459,0.7937,1.6819,0.8588,1.6819,2.1633,1,0.7948,0
단일,0,0.85,833.4,frame_0055,0.8623,0,0,0.2946,2.4323,0.5332,1.2477,0.2946,1.2477,1.2226,1,0.8623,0
단일,0,0.85,853.5,frame_0056,0.8435,0,0,0.3155,1.1656,0.4603,1.9542,0.3155,1.9542,2.0812,1,0.8435,0
단일,0,0.85,837.5,frame_0057,0.9589,0,0,0.1893,2.4271,0.6693,2.1984,0.1893,2.1984,2.3382,1,0.9589,0
단일,0,0.85,851.7,frame_0058,0.9396,0,0,0.2951,2.7532,0.6118,2.5054,0.2951,2.5054,2.4362,1,0.9396,0
단일,0,0.85,856.6,frame_0059,0.8581,0,0,0.3679,0.9847,0.3902,2.393,0.3679,2.393,2.6519,1,0.8581,0
단일,0,0.85,856.1,frame_0060,0.9866,0,0,0.4365,2.3987,0.5295,2.5778,0.4365,2.5778,2.4214,1,0.9866,0
단일,0,0.85,866.2,frame_0061,0.8153,0,0,0.9038,4.0231,0.8903,2.2089,0.9038,2.2089,2.8967,1,0.0209,1
단일,0,0.85,873.5,frame_0062,0.9867,0,0,0.546,1.7503,0.2161,2.9517,0.546,2.9517,3.2988,1,0.9867,0
단일,0,0.85,870.3,frame_0063,0.8774,0,0,0.4963,1.3645,0.7305,1.6197,0.4963,1.6197,1.6643,1,0.8774,0
단일,0,0.85,860.6,frame_0064,0.9637,0,0,0.3085,2.6131,0.8582,2.2465,0.3085,2.2465,2.1028,1,0.9637,0
단일,0,0.85,825.0,frame_0065,0.9765,0,0,0.8495,2.536,0.4282,3.349,0.8495,3.349,3.3177,1,0.9765,0
단일,0,0.85,838.2,frame_0066,0.8371,0,0,0.5268,1.5799,0.4161,4.106,0.5268,4.106,4.0651,1,0.8371,0
단일,0,0.85,860.3,frame_0067,0.9879,0,0,0.6303,2.593,0.3306,1.9591,0.6303,1.9591,2.1238,1,0.9879,0
단일,0,0.85,866.6,frame_0068,0.8588,0,0,0.2452,1.7553,1.1585,1.9273,0.2452,1.9273,2.1341,1,0.8588,0
단일,0,0.85,865.6,frame_0069,0.9632,0,0,0.5958,2.7416,0.4361,1.9061,0.5958,1.9061,1.9719,1,0.9632,0
단일,0,0.85,840.9,frame_0070,0.8572,0,0,0.2969,2.5248,0.5772,2.3247,0.2969,2.3247,2.5333,1,0.8572,0
단일,0,0.85,838.5,frame_0071,0.8719,0,0,0.5319,4.4263,0.8144,0.9789,0.5319,0.9789,1.22,1,0.8719,0
단일,0,0.85,875.4,frame_0072,0.8545,0,0,0.6028,5.1933,0.6268,2.2743,0.6028,2.2743,2.6001,1,0.8545,0
단일,0,0.85,826.7,frame_0073,0.9536,0,0,0.5088,1.8194,0.1834,2.1997,0.5088,2.1997,2.1764,1,0.9536,0
단일,0,0.85,870.0,frame_0074,0.8901,0,0,0.8152,3.0723,0.5333,2.785,0.8152,2.785,2.8893,1,0.8901,0
단일,0,0.85,841.1,frame_0075,0.976,0,0,0.8261,3.9654,0.2969,2.5677,0.8261,2.5677,3.0927,1,0.976,0
단일,0,0.85,830.7,frame_0076,0.9838,0,0,0.5925,2.6413,0.5074,1.6682,0.5925,1.6682,1.9881,1,0.9838,0
단일,0,0.85,849.4,frame_0077,0.9771,0,0,0.3005,2.7983,0.5079,2.2828,0.3005,2.2828,2.1695,1,0.9771,0
단일,0,0.85,827.3,frame_0078,0.9534,0,0,0.6011,4.6341,0.6132,2.4796,0.6011,2.4796,2.3977,1,0.9534,0
단일,0,0.85,861.1,frame_0079,0.8821,0,0,0.3609,2.2765,0.5228,2.2294,0.3609,2.2294,2.4554,1,0.8821,0
